estimated_net,team,efficiency,efficiency_rtg,efficiency_rank,value,value_rtg,value_rank
1,UCLA,51.35664906202309,99.90458082282238,2,10.18230338663948,99.75914862578031,4
2,UConn,47.69008007368375,99.77565399583733,5,10.284482884533777,99.8224984351019,2
3,LSU,49.839255164994576,99.8630197269284,4,9.780439285103512,99.26396560247572,13
4,Oklahoma,50.00388010363895,99.86821898554061,3,9.678581699908163,99.04328119895577,14
5,Maryland,45.55812077612661,99.64183666498865,6,10.282569351749586,99.82146684984853,3
6,South Carolina,45.22233588563377,99.61520332411449,7,10.161635135519047,99.7440797635972,5
7,Michigan State,43.85937969872553,99.48795312421078,12,10.397646091839247,99.87467848970797,1
8,Duke,44.47470657277851,99.54943110532022,9,10.009004662519878,99.6037155929305,8
9,Texas,44.461464973603164,99.54818077864522,10,9.969232399762289,99.55728154307525,9
10,Kansas State,53.683082795590714,99.94634476886795,1,9.283994870046625,97.55772722127732,24
11,California,42.131870086233725,99.27364003459958,16,9.89112838786825,99.45173433607212,12
12,Vanderbilt,43.882787305018645,99.49042197052516,11,9.492693607249791,98.4890224712105,16
13,Mississippi State,42.03759338506751,99.25994393278249,17,9.452263910105064,98.33723111623382,19
14,TCU,43.441600056196584,99.44206200374525,13,9.153753809237353,96.76143995786298,30
15,Richmond,39.60254271992422,98.81804120292395,21,9.4540156954335,98.34406885247475,18
16,Nebraska,42.91538057853737,99.37908302845055,15,9.008921320870868,95.63613294483793,36
17,West Virginia,44.531800129684235,99.55478680725358,8,8.918427929981343,94.78551301023694,40
18,Alabama,38.16409295077066,98.46136688460176,23,9.256775276968485,97.40649432991705,26
19,Oklahoma State,41.76482413522078,99.21902717178386,18,8.866356633350842,94.23931824995748,43
20,Notre Dame,39.070031931635675,98.69538097482514,22,9.03546311810568,95.86318431618312,34
21,Michigan,37.1264655325198,98.14989905634448,25,9.176944130386183,96.91714457425252,29
22,Iowa,35.93414374718242,97.72721413361101,27,9.504345365770105,98.53049464812838,15
23,USC,41.06427230640524,99.10469181356495,20,8.753592616909797,92.9029432837636,51
24,Kentucky,36.53606914021644,97.949801134656,26,9.216634406450087,97.16923369709468,27
25,Georgia Tech,34.7842149583189,97.24519430955304,29,9.935989831550057,99.51480462211674,10
26,Utah,37.946165516978034,98.39997354701615,24,8.773127264206733,93.15011595926941,49
27,Ohio State,33.67169641289744,96.70055879304098,34,9.904588032758538,99.47138167850356,11
28,South Dakota State,34.2634567297833,97.0003781588506,31,9.433246667993766,98.26143319243681,20
29,UTSA,34.3113841231169,97.02363859220492,30,9.26229376127966,97.4377728431235,25
30,Stanford,43.32475523302973,99.42858985597695,14,8.414933002893815,87.46186381486534,76
31,North Carolina,33.085596080544335,96.37968550912774,36,9.405182149741167,98.14419497411643,21
32,Northern Colorado,33.58526373488314,96.65476723316414,35,9.090569396007497,96.30403016566056,31
33,Baylor,41.65453363658058,99.20192603163784,19,8.280830334556978,84.65490993775168,83
34,Stephen F. Austin,31.61797722993578,95.46316328754779,40,8.941064761790205,95.00975081781482,37
35,Creighton,31.533676028957878,95.40530717591967,41,8.929277739157746,94.89396901083677,39
36,Illinois,33.00876319717315,96.33578810348718,37,8.557640229154503,90.03215591959054,64
37,NC State,33.69810590390032,96.71444692751334,33,8.449517779067856,88.12360514291544,72
38,Idaho,31.31543907349842,95.2527742274219,42,8.749559093518322,92.85106396358643,53
39,Ole Miss,35.783406522916906,97.66838768789398,28,7.99330608952409,77.33654091416358,116
40,Saint Joseph's,32.26575258898468,95.88842428623961,38,8.232168912907794,83.54057400349355,93
41,Central Arkansas,33.7643915474603,96.74909284462265,32,8.039068263087511,78.61782246097934,113
42,Cleveland State,30.354194799957195,94.53205078449257,45,8.245544913325887,83.85198247164145,89
43,Marquette,31.077160915148202,95.0816289227833,43,8.153778396147478,81.63798601797664,102
44,UC Davis,32.02124677263306,95.73187005642546,39,7.978773515704603,76.92075937706278,119
45,Princeton,27.001742449594126,91.32686104690218,51,8.883776669301323,94.42684227252907,42
46,Virginia Tech,27.109926727781072,91.44852599107458,50,8.820771939075179,93.72509629938595,47
47,Wisconsin,26.645836122609232,90.91747736412006,52,8.892931399055072,94.52344229196339,41
48,Tennessee,25.1948910916852,89.09979866400136,61,10.13341757305832,99.72213115275981,7
49,George Mason,25.2027383934341,89.11028614443208,60,9.403975838470101,98.13900829900933,22
50,Murray State,28.19047614086995,92.59441277246815,48,8.253210696145395,84.02870744051607,87
51,Minnesota,26.15817909199871,90.33350153402168,55,8.748470674989127,92.8370149458703,54
52,Indiana,25.85480568573243,89.95655634822994,57,8.837543663724519,93.91830012171256,46
53,Harvard,24.68313890797048,88.40012418417136,66,10.160040528318317,99.7428824835864,6
54,Washington,30.738483572769816,94.82993150857135,44,7.861376924998089,73.41050982846484,133
55,Louisville,25.449555693859313,89.43644952125669,58,8.752701947785486,92.89151241565145,52
56,Troy,29.454053645497087,93.7811942731772,46,7.923883736485668,75.31253664591748,123
57,Missouri,27.538504025347645,91.91796452206786,49,8.111371317370077,80.55383222466668,108
58,Florida State,24.791586577349776,88.55099531453689,62,8.8431180372536,93.98147450196703,45
59,Iowa State,26.38355314538646,90.6067296222691,53,8.251157737877392,83.98150361600764,88
60,Northern Arizona,24.100902994556908,87.56599325376244,72,8.930051947317462,94.90163894780294,38
61,Buffalo,23.78508264786379,87.09638914660933,74,9.07626911893142,96.19349414423232,32
62,Montana State,24.72686834132484,88.46112901049776,64,8.513937689984504,89.28961513105706,66
63,Fairfield,24.16398113961928,87.65833588722403,71,8.666239763786058,91.71318204727889,57
64,Texas A&M-Corpus Christi,25.91606292678477,90.03352073762957,56,8.140348406931057,81.29879059217994,105
65,Texas Tech,23.054237129263363,85.96294467715421,80,9.208655817311447,97.11998447354578,28
66,Colorado,23.833876540959167,87.16973484693168,73,8.51409247626109,89.29231362959133,65
67,Southern Indiana,23.222406632992968,86.22955931946723,79,8.72277750812627,92.49918853434563,55
68,Portland,22.190599083024967,84.53874445054204,88,9.378799424253854,98.02790989370006,23
69,Furman,24.706395666522486,88.43259701262845,65,8.080286355484375,79.73491251411716,111
70,San Diego State,22.623391537369184,85.26397637642663,82,8.708427539253218,92.3052914145381,56
71,Florida,28.898611611033402,93.27918523053398,47,7.46513268571267,59.89944277407228,177
72,Liberty,25.366481952350565,89.32746753441599,59,7.884050372077241,74.10892653582894,128
73,Columbia,22.648198226272,85.30484269622957,81,8.43849377733063,87.91540715104766,73
74,Clemson,26.31832050205307,90.52823878920246,54,7.6404767528255455,66.14708941410348,157
75,UAlbany,22.45612872991052,84.98644233035715,83,8.422681075229283,87.6123066866058,75
76,Quinnipiac,20.76120624751437,81.9787129543861,97,9.464490265770651,98.38445402418283,17
77,Penn State,24.33830865207849,87.91103881471952,68,7.883649864311091,74.09667243426989,129
78,St. John's,20.97663306089134,82.38070195418143,95,9.044589032647302,95.93900348187067,33
79,Middle Tennessee,22.348761718112993,84.80646699232138,85,8.330791535704256,85.74579645071441,79
80,Tennessee Tech,23.434965801093693,86.56157538279858,77,7.9662169874468844,76.5581085601648,120
81,Auburn,22.412015555171145,84.9126697743017,84,8.16181557053638,81.83913180629649,100
82,UNLV,22.24903834182175,84.63802575998511,87,8.165711820151541,81.93614478200435,99
83,Coastal Carolina,20.754816922164014,81.96670316232247,98,8.611529357965876,90.89508447375667,61
84,Butler,20.267894649003843,81.03671473308556,102,8.86410472948477,94.21471882683554,44
85,James Madison,20.7208342914763,81.90274283922162,99,8.512391555909929,89.26263336245795,67
86,Lamar,24.35213360257766,87.93092230905802,67,7.523048871684589,62.000262417630566,169
87,Miami,19.753209897309752,80.02225422716047,105,8.756986045943611,92.94636529387665,50
88,Bowling Green,22.28097533915474,84.6921041221742,86,7.88236565595301,74.0573600458587,131
89,Texas A&M,24.174862243715914,87.6742164625616,70,7.519357689471256,61.86734980199867,171
90,Drake,24.205085560503427,87.71825115329412,69,7.42127270763199,58.28885241781475,185
91,Wofford,21.968012825803253,84.1567217424543,89,7.796508897678023,71.36102657268756,141
92,Kent State,23.249031605423188,86.27145135341799,78,7.531463711021528,62.302733515895085,168
93,Santa Clara,21.583853314464918,83.48295063060648,90,7.746044586355448,69.71649051482628,149
94,Georgetown,18.697485749131427,77.84185115378689,111,8.65773115864819,91.58971484580533,58
95,Wake Forest,21.063869845819163,82.5418597477956,94,7.819425305385287,72.09356956891465,138
96,Oral Roberts,18.88405316170883,78.23677685982818,108,8.50416465807006,89.1182406393801,69
97,BYU,18.659854928954797,77.76170076225371,112,8.617018917125957,90.97977904538885,60
98,Lehigh,19.44781628363513,79.40517469080363,106,8.259169191105476,84.16519559448507,86
99,Miami (OH),20.34204461484902,81.1802099641368,101,7.888843901719825,74.25535826738134,125
100,Fairleigh Dickinson,19.24675330959375,78.99280420203087,107,8.207559602005476,82.95754566702104,95
101,Boise State,18.803170499501945,78.06606544272663,109,8.270143769593687,84.41457595202779,84
102,Oregon,18.642634605323632,77.72496788004595,113,8.238064324765434,83.67830240569512,91
103,New Mexico State,18.1615566636578,76.6848961100327,115,8.424930163188872,87.65573921730896,74
104,Tulane,23.523841773149528,86.6987560221152,76,7.134049304968433,47.52035051591011,229
105,Purdue Fort Wayne,20.82792427339116,82.10382045566391,96,7.599554699163412,64.72108503857656,160
106,Pennsylvania,20.0534997854279,80.61804522210385,103,7.749742585099699,69.83842684388348,147
107,Illinois State,21.433788073900647,83.2147886085821,92,7.381088974974039,56.800874697479564,194
108,Northwestern State,24.751958030241042,88.49602731465805,63,6.7966886094748835,35.15757158894123,351
109,Gonzaga,20.65133166147624,81.7714866058332,100,7.5016870120974515,61.22914637850909,174
110,Vermont,21.08453062771452,82.57989013053324,93,7.406554254667409,57.74509644981117,189
111,Oregon State,21.435986228150135,83.21873676063615,91,7.309711846205053,54.135223433627246,204
112,Belmont,17.552512032026986,75.33035554011165,119,8.266915771964268,84.34149496038327,85
113,San Francisco,23.608312584004747,86.82824090075722,75,6.8651611604817395,37.58686564350179,322
114,Grand Canyon,16.771339055591863,73.53311616763321,124,8.454763356890522,88.2217777310952,71
115,Arizona,18.76795018650649,77.99148940893086,110,7.712372173677497,68.59619516155833,153
116,UCF,17.246226133708028,74.63356528869483,121,8.15383842140922,81.63949339263564,101
117,Colorado State,17.57575275619057,75.38280583512625,118,7.772690457106839,70.59011096049386,144
118,South Florida,18.113331288958552,76.5791683699075,117,7.583917186238221,64.17052375533284,163
119,Boston College,16.72948191230256,73.43496969090295,126,7.83171155203319,72.48252224629823,137
120,Washington State,16.019213306051395,71.74189833496524,130,8.050807300205795,78.93957091079454,112
121,North Texas,15.593282906920585,70.70232413409153,136,8.201218119406088,82.80518957067538,96
122,Western Illinois,15.585420168830337,70.68296773140739,137,8.12186451189879,80.82565866396827,107
123,Louisiana Tech,16.47208717803978,72.8274023370505,127,7.8078279530336445,71.7239898819791,139
124,Loyola Marymount,14.254429649594712,67.32457757744301,151,8.806114283848071,93.55235850184933,48
125,Kansas,13.761058460799223,66.04110447968229,160,9.022317769431877,95.75195884979169,35
126,App State,20.032091157221757,80.57593134719319,104,6.841288279380385,36.73372156624237,334
127,UTEP,15.90300621838989,71.4600351464896,132,7.840331638703968,72.7538104892132,135
128,Nicholls,14.768832377559843,68.64125504799831,145,8.245503516059621,83.8510246614508,90
129,Villanova,14.7869837547035,68.6872975191153,143,8.236650673355717,83.64534518280985,92
130,Western Kentucky,13.968806047339331,66.58392403965954,156,8.63013081816711,91.1797029036479,59
131,Ball State,14.549156921257993,68.08174363978502,148,8.179496497371469,82.27675504105531,97
132,Montana,18.250060970903245,76.87823892334038,114,7.111206549079529,46.66130114801298,238
133,Wyoming,16.750563438004065,73.48442463560126,125,7.467783842473598,59.99628855470105,176
134,UAB,16.095450310476558,71.92608322822116,129,7.6397782903517415,66.12293635644248,158
135,Concorida Nebraska,18.125681167672315,76.60626909809332,116,7.116829882714898,46.87264956916231,235
136,North Alabama,16.97167491018487,74.00029544159369,122,7.347526153728376,55.55053321330657,200
137,Campbell,15.065324880468726,69.38965090118536,140,7.791629043015192,71.20386705547692,142
138,Bucknell,16.100681391246688,71.9386999479502,128,7.414751250496582,58.04811391788978,187
139,Eastern Kentucky,13.950693064778477,66.53673273237013,157,7.986807760809846,77.15114633120399,117
140,UNC Greensboro,14.457677493865773,67.84751642070759,149,7.7641468565424665,70.31126754105702,145
141,Bethel (TN),13.461815601404851,65.25336016731379,164,8.107073973877453,80.44183575079379,109
142,Manhattan,14.059302159233852,66.81930754901634,154,7.886137713366823,74.17274311622538,126
143,Jacksonville State,15.64997017972642,70.84170042773513,135,7.3829960068170735,56.87172686851577,193
144,VCU,15.94688110419593,71.56661199790338,131,7.297598938156206,53.680664137382664,206
145,SE Louisiana,12.796105756494404,63.47753414801191,178,8.304319742519109,85.17450062579194,80
146,Virginia,16.833816189835503,73.67926846149034,123,6.950162730415285,40.67141179268404,287
147,Detroit Mercy,12.079465980044066,61.533111457877034,185,8.507909833619417,89.18414551894035,68
148,McNeese,17.41888215028537,75.02761826694021,120,6.787111147217566,34.82229927345525,353
149,Cincinnati,12.72668892211157,63.290606679033154,179,8.134011062555881,81.13739355133401,106
150,Bryant,13.401032081627054,65.09252833609254,165,7.833830619452034,72.54933588532897,136
151,UT Rio Grande Valley,15.057616153947018,69.37029310603403,141,7.323243838590613,54.642395065801395,203
152,West Georgia,15.560337826353178,70.62118070041161,138,7.183314972264809,49.37649295932841,222
153,East Carolina,14.356759834616959,67.58829786506088,150,7.490856746896845,60.83647770005721,175
154,Texas State,12.916487771385874,63.80094177814253,174,7.94113138641299,75.82424829296575,122
155,Holy Cross,12.803398970484958,63.49715501903776,177,7.88478762160145,74.13147588396166,127
156,Sacramento State,15.83620348337056,71.29739967834819,133,6.99935241030829,42.4845968338515,266
157,Arizona State,13.464763535116258,65.26115338457704,163,7.586825378119623,64.27314191884616,162
158,Northern Iowa,12.976903308374162,63.96287985892308,171,7.73787052467744,69.44618242445893,150
159,Arkansas,14.66522748631748,68.37789815678478,146,7.1988019255980635,49.96045151826178,218
160,Temple,11.042518198601854,58.66872701806945,195,8.457425470271595,88.27137972701559,70
161,St. Thomas-Minnesota,12.471198415135396,62.59992844260274,181,7.804903081568533,71.6304113226393,140
162,Purdue,12.93027719136565,63.83792489160874,173,7.59716131916411,64.63701571225879,161
163,Pepperdine,12.093628501020453,61.571838740881034,184,7.8593482266022665,73.34755712436764,134
164,Missouri-St. Louis,12.823390336799466,63.550919489764624,176,7.619016818897519,65.40200817297848,159
165,Adelphi,11.171420979248541,59.02766010950846,194,8.224523956527973,83.36085461447287,94
166,North Dakota State,12.912716865842892,63.790825993896114,175,7.58361337143295,64.1597974547884,164
167,San Jos√© State,13.22418362751505,64.62305628939326,168,7.445460604412177,59.178965547189556,182
168,SMU,13.877704838762526,66.3463060425336,158,7.244923083137416,51.69907980478074,212
169,Omaha,11.245910410502447,59.234735486049885,191,8.082644460988151,79.797749002228,110
170,Western Carolina,13.087620819359259,64.25899656615498,170,7.439112763724331,58.94580349597152,183
171,New Mexico,13.601990726696737,65.62321109304547,161,7.2530011422510166,52.003359498617364,210
172,Winthrop,13.336516949989075,64.92152572841346,166,7.323276931781513,54.64363448703734,202
173,Abilene Christian,11.238240748896526,59.21342617267944,192,7.9963919197474125,77.42428016321958,114
174,Rhode Island,15.668899549857667,70.88817288475961,134,6.6132040393678055,28.961838670967012,416
175,Georgia,15.113422845092607,69.51030984987035,139,6.776660006487908,34.457792052976565,356
176,Binghamton,13.823657331762327,66.20502480404073,159,7.127285208973579,47.26583434471313,231
177,Kennesaw State,14.145491414488479,67.04287332120285,153,7.026870817821684,43.50619767891938,255
178,Florida Gulf Coast,9.677602338609189,54.82933701543578,214,8.565338521758928,90.15896211341283,63
179,Seton Hall,10.080475113820913,55.96896795479434,206,8.30074653373317,85.09622873259843,81
180,Mercyhurst,15.051592809938239,69.35516380073605,142,6.627416663596397,29.423101385800255,407
181,Cal Poly,12.68358180315687,63.17436760130133,180,7.300070245219426,53.77344549890366,205
182,Akron,13.182548710498846,64.51220250764852,169,7.119743931977311,46.98220679920072,232
183,Florida Atlantic,12.951868069917552,63.89580548557936,172,7.165585396333229,48.708144402177304,225
184,Marshall,14.598593358856753,68.20802346253593,147,6.687851213400193,31.421308740592423,386
185,Old Dominion,10.41361571253216,56.90766430794265,203,7.957202245468519,76.2958173290625,121
186,Army,9.52523879195923,54.397245463784685,216,8.300180383754793,85.08380181010205,82
187,Syracuse,13.262885828067677,64.72599060414936,167,7.019570675552426,43.23473325262061,261
188,South Alabama,14.210191993980754,67.21030097399773,152,6.737538280841455,33.10633363775174,371
189,Rutgers,11.93628060725091,61.140932048153104,186,7.348093243871626,55.57170902001501,199
190,Samford,13.507853004828826,65.37499179930155,162,6.86843385428336,37.70430689605953,320
191,Charleston,10.06241269150726,55.917972205608756,207,7.87117969000134,73.71363480787598,132
192,Colgate,10.429659350170438,56.952776804963904,201,7.7290557597593965,69.1534947506904,151
193,Fordham,11.038663458542532,58.657982071291556,196,7.511156886073441,61.571554787474604,173
194,Tarleton State,11.687719876819026,60.45745105796211,188,7.261886674168023,52.33791915933846,209
195,Davidson,12.279534562930063,62.07911284527137,182,7.06352410273887,44.87356915244716,249
196,Grambling,14.772747500101985,68.6511885405079,144,6.247128974070571,18.392313484906552,480
197,North Carolina A&T,13.986661571334835,66.6304189221681,155,6.430708102564373,23.36143528807579,460
198,Frostburg State,12.267649166590921,62.046742782507266,183,6.972520106742521,41.49329858884023,279
199,Findlay,9.516853831141852,54.37345076595561,217,7.7555574615697065,70.0297162012579,146
200,Providence,10.419499658027881,56.92421020129091,202,7.454931830574157,59.5262466498925,179
201,Northwestern,9.032970810503219,52.9979106051254,225,7.905586026424827,74.76339715208985,124
202,Rice,10.71357821062195,57.74956367770147,198,7.346189574573918,55.500617533161446,201
203,Colorado Christian,9.916682118820932,55.50617829002954,209,7.563403934438513,63.44382406854403,166
204,Lindenwood,9.756414530852874,55.05262144393727,212,7.5207926888598795,61.91903819328582,170
205,Toledo,7.34920616113822,48.194123307995355,251,8.405113730711024,87.26937887935017,77
206,Drexel,9.957696462103723,55.622135443812596,208,7.3508592902497565,55.67497350728705,197
207,Cornell,11.853354262605372,60.91327662874369,187,6.774539732015517,34.38401710242108,358
208,Bradley,9.514589134263748,54.367023778659515,218,7.412107881990146,57.95044801233523,188
209,George Washington,10.105571732119078,56.039806943084315,205,7.212236571896173,50.467036135821786,213
210,UIC,10.933701668331263,58.365158324657806,197,6.940847313744166,40.33015161472007,292
211,Missouri State,7.9526306720929,49.91631310775516,240,7.882993037391076,74.07656939479419,130
212,High Point,11.179372511471955,59.04977692790243,193,6.845495833028013,36.883625838752735,332
213,Norfolk State,6.773396195123986,46.55383719566792,264,8.346127433299976,86.0698643358028,78
214,Marist,8.702187882638729,52.05542585761693,229,7.5615381239872885,63.377481464314045,167
215,Pittsburgh,9.198744000696989,53.46964274619036,221,7.4039379363454625,57.648281813507374,191
216,Prairie View A&M,11.287743336200876,59.35091543451498,190,6.719074282198416,32.47592911439213,377
217,Stetson,10.674055430680879,57.63882942092394,199,6.873177222340418,37.87472541053028,316
218,Air Force,6.038415441130464,44.46897310020079,274,8.582752323838973,90.4414359434315,62
219,Houston Christian,11.506836731170033,59.95802354159093,189,6.569432060635439,27.562994120100136,429
220,UNC Wilmington,9.253811290895268,53.62624033557667,220,7.18137660105821,49.30341063426524,223
221,Northeastern State,9.6108293514548,54.64004119349043,215,7.064072532311904,44.894079110122306,248
222,East Tennessee State,9.153964544291565,53.34226144458456,222,7.187946379965626,49.551118735952805,221
223,UC Irvine,7.269966789673205,47.96815301985175,253,7.7488815249380405,69.81005431870011,148
224,Maryland Eastern Shore,9.828314232339107,55.25618267856921,211,6.929667585952464,39.92156671390041,295
225,UT Arlington,9.859018404870334,55.34306996959534,210,6.918821243574512,39.52621797601058,299
226,DePaul,9.468392054170856,54.235896301974186,219,7.0089743579628,42.84126756485055,263
227,Pacific,7.9612186546628205,49.94083218426184,239,7.453115843472796,59.459717130439614,180
228,Duquesne,5.856219642242468,43.954283896671576,277,8.149615930148805,81.53326873158441,103
229,Arkansas State,9.751409422875678,55.03844605092151,213,6.853956631185846,37.18566494884745,324
230,UC Riverside,7.3552822266774776,48.211453170450106,250,7.56650558952505,63.55402055725161,165
231,Shepherd,10.131219577064943,56.11218187469974,204,6.681578701066308,31.21122381203224,388
232,New Hampshire,7.829373314086628,49.564415830757454,243,7.36755169908352,56.297306854662644,195
233,Cedarville,10.609646939473661,57.45824184905636,200,6.445304046596364,23.78611923060696,456
234,Colorado-Colorado Springs,8.682980114429773,52.00065760516712,230,7.0649930219108485,44.92850628948739,246
235,Tiffin,9.046443894735662,53.03626687130083,224,6.950717834379701,40.69177008250852,286
236,Alaska Anchorage,8.646207367020935,51.895794832360096,232,7.0220732289704095,43.327758361145094,256
237,Idaho State,7.201619814392653,47.77329721381748,254,7.432436477185033,58.700235885989414,184
238,Bellarmine,5.088934836246397,41.798950927455394,289,8.174173610281038,82.1457136652267,98
239,Long Beach State,4.990680212484678,41.524579493017,292,8.142627187219297,81.35661623321522,104
240,Lipscomb,7.066646336210271,47.38865138616801,256,7.40467502520325,57.675561859000524,190
241,Lincoln (PA),9.058912739543002,53.07176167804003,223,6.761510554388854,33.93198048870622,366
242,Hawai'i,6.056596318679014,44.52038536920689,273,7.6819342732121765,67.56851117387126,155
243,Brown,8.734986361854999,52.14893708658328,228,6.832813541292387,36.43240359154804,336
244,Westminster (UT),8.737356927225509,52.15569531609007,227,6.8316331076168915,36.39049941957655,337
245,Stony Brook,8.661395279427495,51.93910697851442,231,6.848130207944493,36.97758366430853,329
246,Oakland City,7.815733055658055,49.525474751431695,244,7.090947498126209,45.900703968528354,239
247,Alabama-Huntsville,8.973716468234786,52.82918800532801,226,6.696223908249495,31.702674628372662,383
248,Berry,8.110174370697877,50.366102981218006,236,6.945167868412818,40.48834058425534,288
249,Coker,7.534957879137288,48.72405411740296,248,7.08495695580365,45.67607211547547,241
250,Coppin State,4.610086781110018,40.465801929507215,301,7.979576911185439,76.9438554649857,118
251,Texas Lutheran,8.054900200529866,50.20829667611376,238,6.7749161776181595,34.397111196487195,357
252,Georgia State,4.71411814426321,40.754550385991145,298,7.780600942677186,70.84720657770463,143
253,Dayton,7.662466113902566,49.087958301553606,247,6.856769114364649,37.28624277985507,323
254,Fresno State,5.782159298821961,43.74535581226658,279,7.420292201833041,58.25267682019041,186
255,Delaware,7.857108752081374,49.64359796786656,242,6.777258751573083,34.47863611183198,355
256,UC Santa Barbara,6.876378736305234,46.84685052122063,263,7.081756264514421,45.556109542355784,243
257,Green Bay,4.684762027533276,40.67301821241725,299,7.681190347302135,67.54322125585186,156
258,Emory & Henry,6.94385849576636,47.03894245292015,261,6.9591740850292005,41.00220874640122,281
259,Chattanooga,8.074495742269178,50.26424193395977,237,6.562563352521217,27.34654004689114,432
260,Dillard,6.633273659583965,46.1554534014535,266,7.011602805797758,42.93880312254911,262
261,Massachusetts,7.756760929449021,49.35712304225922,246,6.632221886312486,29.579816282744197,406
262,Southwestern University,7.898436477319703,49.7615873514567,241,6.5737000201851465,27.697913623581265,427
263,Denver,7.006747971724728,47.21802955400682,258,6.868539425729383,37.70809724900354,319
264,San Francisco State,7.1186566448328445,47.53684289199968,255,6.819615831991108,35.96483243920628,345
265,Cal State San Marcos,8.523851973020268,51.54679044262676,233,6.285835420931488,19.381330262511266,478
266,Valparaiso,7.320561131746923,48.11242798110699,252,6.733878529451375,32.98099266760986,372
267,Siena,4.834528584525179,41.08938771249784,295,7.447512807062465,59.254275806962994,181
268,Bethune-Cookman,8.433791355022136,51.289825869220564,234,6.159236078586401,16.265819372775166,497
269,Memphis,7.758135797680047,49.361047852685324,245,6.412849109580115,22.847578584461488,464
270,Northwest Nazarene,6.602357963408236,46.06760718241842,267,6.811699955522928,35.68538657349188,347
271,Evansville,8.309838976089662,50.93607456145137,235,6.120811295935971,15.388539836370557,504
272,Millsaps,5.740153323627408,43.6269318494366,280,6.995418507547452,42.33894841759297,267
273,Concordia-Ann Arbor,6.943817588121494,47.03882598143351,262,6.583524848065215,28.009721201621957,424
274,Merrimack,4.890367712074239,41.24488737426778,294,7.205240605077609,50.20324114915441,215
275,Black Hills State,5.783318875652525,43.74862571098069,278,6.928067807845383,39.86318877221001,296
276,Jacksonville,2.280117401627619,34.16170671217013,344,7.996115198562248,77.41642001515076,115
277,Northern Illinois,5.883708857855464,44.03187559641802,276,6.875002672813207,37.94037280795592,313
278,Tulsa,7.4642784654671415,48.522381280686986,249,6.263571172047085,18.808539461103624,479
279,Bloomfield,7.021487709352849,47.26001141254477,257,6.447010744128534,23.836052323181846,453
280,Cumberland (KY),5.408890806710869,42.69511522170467,284,6.9591740850292005,41.00220874640122,281
281,Weber State,6.957666738522116,47.07825846624722,260,6.416822315508655,22.96134734350973,463
282,Central Michigan,6.561227605625101,45.95076606051917,268,6.546826760722706,26.85382611794509,435
283,Delta State,6.287271713716802,45.17346561598554,271,6.642373604655287,29.912153193216607,403
284,San Diego,6.438460949327123,45.60222837058199,269,6.574797364585981,27.73265524943537,426
285,Union (KY),4.820243925042671,41.049630463700595,296,7.08495695580365,45.67607211547547,241
286,Utah Valley,2.6288135516967834,35.08230874197107,338,7.7157477895278435,68.70930275355738,152
287,Dominican (NY),5.005151754219094,41.564964990587185,291,7.006307069299744,42.74233539988146,265
288,UL Monroe,5.946762793819391,44.209939224609606,275,6.696940065406726,31.726790711702368,382
289,Bridgewater State (MA),5.209556497513519,42.13632649298639,287,6.927193591666732,39.83129708186158,298
290,Regis,5.450530879729852,42.812033011349314,282,6.830677417174657,36.35658531519914,340
291,Austin Peay,4.184858522980143,39.29109155128683,309,7.207444504601482,50.28634448352884,214
292,Queens University,5.420820150815079,42.72860414962198,283,6.805741898307214,35.47556008075912,348
293,Alabama A&M,2.4208161708256064,34.532073794111064,340,7.6923177324145025,67.92064889037502,154
294,Eastern Oregon,4.533426002116141,40.2533538423497,303,7.021055837375037,43.28993531244323,258
295,Florida International,6.98870665987827,47.16664833207817,259,6.126180071449815,15.509196746088671,502
296,Loyola New Orleans,5.07028211238278,41.746832934349655,290,6.847146598629631,36.94249304590842,331
297,Life University,5.333322383448058,42.483097282500125,286,6.724349492279836,32.655535772233236,376
298,UVA Wise,5.097923016903927,41.82407015309539,288,6.772783119816528,34.32294077147976,359
299,Montevallo,5.341908358402636,42.50717562734407,285,6.677058351804522,31.060201419728863,392
300,Georgia Southern,2.902306815028724,35.81057826450409,331,7.390884373761268,57.16456695660096,192
301,St. Mary's (TX),4.779940450023049,40.93750701213725,297,6.833375054160827,36.45234241327615,335
302,Stonehill,6.105591908284138,44.65898178411753,272,6.350160657664312,21.09500440829993,469
303,Hofstra,4.97421829747842,41.47865037959823,293,6.743316088162432,33.304600318383706,370
304,McMurry,4.564887108543659,40.340506778248674,302,6.868347336047588,37.70120070270382,321
305,Monmouth,6.65341461014544,46.21269355509528,265,6.044038541397996,13.731184953356001,517
306,Howard,3.1884360921090877,36.57805749376189,324,7.250083460902663,51.89347048873856,211
307,Regis (CO),3.6544275036372076,37.83942867687805,319,7.06499302191084,44.92850628948705,247
308,Boston University,2.8524845503531937,35.677514923714575,332,7.293715342817336,53.534820350498926,207
309,Navy,2.062430440686586,33.591684059954964,350,7.518797709021419,61.84717366894573,172
310,Harris-Stowe State,4.3517600666087235,39.751066242406495,306,6.847233716495386,36.94560056878369,330
311,UC Merced,4.407525036702399,39.90507415576368,305,6.823622042584116,36.106547110422824,341
312,Loyola Chicago,4.11079410642923,39.08744654693494,311,6.905728222085977,39.0504136882985,304
313,Oklahoma Christian University,4.501961300534534,40.166239369954226,304,6.7619282055270284,33.94643516341234,365
314,Incarnate Word,2.9044842391449857,35.81639758982374,330,7.195318174720351,49.829086328690046,219
315,Tabor,3.1541699158373735,36.485855213887895,326,7.116829882714898,46.87264956916231,235
316,Asbury,4.313482175700588,39.64544519136652,307,6.712758771637449,32.26143799229374,379
317,UNC Asheville,6.289557694650695,45.17994444602991,270,5.819138689352715,9.593749772735228,530
318,Brescia,2.9180968996914096,35.85278588612068,329,7.090947498126209,45.900703968528354,239
319,UT Dallas,4.6633664307414495,40.61362061706812,300,6.53463533552,26.475203669260317,440
320,Nevada,4.17059206714749,39.251842000227825,310,6.6933724875880545,31.60673220148566,384
321,Wright State,5.607559173954107,43.25349966474041,281,6.081513859955194,14.524329575314827,510
322,Wichita State,2.621479411742505,35.06285292172437,339,7.118370753028225,46.930577567299835,233
323,Saint Mary's,3.379662871111618,37.09401518933604,322,6.874756802830475,37.931528726727734,314
324,Louisiana,1.462141719529443,32.039566205327965,368,7.366161889269106,56.24554863024539,196
325,Northern New Mexico,3.980162499326169,38.728997899648775,313,6.623745457676326,29.303629766158746,409
326,Utah Tech,3.6561464265041366,37.84410657484248,318,6.700009160487401,31.830228100255688,381
327,Bushnell,3.8280145648710144,38.312719370946205,315,6.624001576126271,29.31195729196568,408
328,Jamestown,3.0254979542890608,36.140330142980105,328,6.874405772378477,37.91890305900276,315
329,Wisconsin-La Crosse,2.7748028987476836,35.470393622355324,335,6.938659802006851,40.25012011440142,293
330,Shorter,3.8659383542479224,38.416355185229996,314,6.590160935860316,28.221286838547154,421
331,Davis & Elkins,3.735046220915338,38.05901617908054,316,6.598426428823848,28.485870416687497,419
332,Saint Louis,2.284197632188839,34.172426038375875,343,7.020523611924905,43.270151484703334,259
333,Youngstown State,1.7121530873844089,32.68238627673096,357,7.177216341891173,49.146564774835646,224
334,Eastern Illinois,2.7697872261350245,35.457035090203746,336,6.851820489203927,37.10933225546864,328
335,Texas College,3.5032257626935417,37.42865093516758,320,6.618356311485513,29.128660242062697,413
336,East Texas A&M,4.278286324298976,39.548395472880884,308,6.320137776037615,20.28436782749176,472
337,Longwood,1.4677465934039118,32.05391929113344,367,7.202024778626947,50.08197919189079,216
338,Rensselaer,2.0151233292867206,33.46830041558048,351,7.051277805128589,44.41595369592621,251
339,Portland State,2.817064387947159,35.58302191789241,334,6.798063085219717,35.2057826302421,350
340,Alice Lloyd College,3.077484306504985,36.27979579255257,327,6.712758771637449,32.26143799229374,379
341,Montana Tech,1.8423592407777525,33.019229946221955,354,7.072970066723116,45.22701246880048,245
342,Jessup University,3.7046932037581737,37.97629570122637,317,6.4778131086747885,24.747035227068825,447
343,Southeastern,2.8355672212551797,35.63237229824735,333,6.756377332945886,33.754516190351914,369
344,Staten Island,1.6374920297124378,32.48987041801487,360,7.075666596256401,45.32798025536643,244
345,Loyola Maryland,0.8760584702598679,30.553874574595685,382,7.265712413804333,52.4819172487704,208
346,Oakland,1.6906109878906594,32.6267916789981,359,7.007939660597106,42.80288432055536,264
347,West Alabama,2.12123834754515,33.745310173980016,348,6.871664358168994,37.8203458245309,317
348,New Mexico Highlands,1.8641746668862433,33.07580232077596,353,6.941346929447407,40.34843606700176,291
349,Bob Jones,1.7123007078981178,32.68276738000606,356,6.982377593515535,41.8568817993133,276
350,Ohio Dominican,1.3833638466118163,31.838115093824538,370,7.031763551391607,43.6883120529977,254
351,Eastern Washington,4.028378058263981,38.861189676526614,312,6.124028133123103,15.460759663405854,503
352,Dickinson State (ND),3.1846907410534415,36.56797584245975,325,6.465663526901294,24.385504017598294,450
353,Fresno Pacific,1.9835227302230445,33.38598080851518,352,6.823622042584116,36.106547110422824,341
354,Oakwood,1.5028040320991618,32.14375599058118,365,6.9532029567377,40.78294204570071,284
355,Tennessee State,0.5572247817511453,29.758692011235933,389,7.1998449906797815,49.9997835379812,217
356,Bellevue University,2.390481159868548,34.45209487575447,341,6.664304274967386,30.63581864115755,397
357,Alcorn State,2.682747709478287,35.225503787366655,337,6.563525946191256,27.376823558007434,431
358,Our Lady Of The Lake,1.2834056905929563,31.583273293303915,373,6.983951414724695,41.91499587753585,273
359,Sam Houston,-0.7046132460385239,26.708353786233168,413,7.457973614805789,59.63762204565437,178
360,Wiley,0.4962746786307797,29.607762232514666,391,7.116935867146912,46.8766337730168,234
361,Indiana State,2.358858904302026,34.36879604527031,342,6.572947350345383,27.674096626146483,428
362,Morgan State,0.9219475368746561,30.66909476763766,379,6.982488594073265,41.860979965466804,275
363,Whittier,1.3482024277773013,31.748372752044407,371,6.8533734532809785,37.16482071157684,325
364,Carnegie Mellon,0.7611508968216096,30.266205321709037,383,6.9888878905663026,42.097391435079274,270
365,Clarion,1.5319107077142844,32.21842298917088,363,6.763891186013108,34.014404441959066,362
366,Bowie State,3.2581746394979207,36.765946790572634,323,6.138952683200604,15.798750305199526,499
367,Goshen,1.707490972851307,32.67035129704078,358,6.648675202822372,30.119297485400075,401
368,Mount Olive,0.675246829818632,30.051941963282996,386,6.941352990880366,40.348657910424436,290
369,Bloomsburg,2.203781066681893,33.96139696517852,347,6.451735813760761,23.974593346159732,451
370,Washington Adventist,1.494196267266112,32.12168839620958,366,6.681578701066308,31.21122381203224,388
371,Southern Utah,3.5006667031559298,37.42171072081849,321,5.833540744676902,9.82756482104471,529
372,Stanislaus State,0.9649912382799375,30.777344628921455,376,6.820169232636249,35.98439685956309,344
373,Chadron State,0.055734639706126465,28.527458942499756,397,7.052549748870264,44.463449693229705,250
374,Morehead State,0.26204223993202636,29.03103224023259,394,6.98872046420312,42.091202472953476,271
375,Texas A&M-San Antonio,0.6631469253802189,30.021817297835096,387,6.8689198447731235,37.72175649289646,318
376,Edward Waters,1.2581088600607844,31.518917345118354,374,6.6826024119213505,31.245469450636687,387
377,Westcliff,1.4317870105151318,31.961879901787842,369,6.623745457676324,29.30362976615869,410
378,Chowan,1.6080489605510806,32.414078559809084,361,6.560498826085472,27.281645348084087,433
379,Ave Maria,-0.13241552111633315,28.071865591683075,400,7.050590904155131,44.390307269817264,252
380,Corban University,-0.5770027116937113,27.009522060906928,407,7.162155889630236,48.578898961504144,227
381,Texas A&M-Texarkana,1.5535177353348573,32.27389769872863,362,6.531022105027194,26.363513271695172,443
382,Hiram,0.09696254630843537,28.62775815403112,396,6.950717834379703,40.69177008250858,285
383,Gardner-Webb,0.7067664358149273,30.130479131185083,385,6.779195109074924,34.54607858643936,354
384,Blue Mountain College,1.3060842542810267,31.641015792372208,372,6.5838667750073,28.020603392806947,423
385,Livingstone,0.2245762927616637,28.939273411882056,395,6.892782741319775,38.58157746565834,309
386,New College (FL),-0.38863930317605355,27.457153353996222,403,7.050590904155131,44.390307269817264,252
387,Western Michigan,2.0668478045039986,33.60321422804754,349,6.297226985684357,19.678468332062927,475
388,South Dakota,0.46373488513154015,29.5273285633165,392,6.787696841977673,34.8427686344532,352
389,La Salle,-1.1276671760606627,25.722200430410336,419,7.195223237378846,49.8255064533036,220
390,Western New Mexico,0.8850603456438622,30.57646173115367,381,6.610738761650801,28.882176243809344,417
391,Houston,1.5152657687459374,32.17571512152223,364,6.393141635385097,22.287979888119025,466
392,Towson,2.226182651026951,34.02013302511232,345,6.062292133344516,14.113740672205049,515
393,Johnson C Smith,0.9529581710833162,30.747065967175292,377,6.553390073956138,27.058780475410142,434
394,Elon,-2.0754217509003015,23.583635429197574,435,7.350327174236398,55.65511105379415,198
395,Occidental,1.8407601665385176,33.01508470674879,355,6.207116052884764,17.403607032949353,486
396,William & Mary,0.9058941588540819,30.628765465230185,380,6.545253527475751,26.804814535885978,436
397,Simpson University (CA),-0.6253961582610996,26.89511101019458,409,6.943475344761313,40.42635334519815,289
398,Northern Kentucky,1.218936763740901,31.41937290857556,375,6.381230881180588,21.953592110737485,467
399,Southern Miss,0.75764911598068,30.257457751665097,384,6.521831492569749,26.080504997870513,444
400,North American,0.4340634592821928,29.45407286758873,393,6.615470006788612,29.0351514808079,414
401,NJIT,2.216202816642805,33.993961497842854,346,5.813324310096923,9.500522563179237,531
402,Maine,-1.6945849208211259,24.431001671222123,431,7.1350540465655845,47.558165338347855,228
403,Spring Hill,-1.1720828166123374,25.619775048946323,421,6.9954185075474316,42.338948417592206,268
404,Christopher Newport University,-0.9954569993748903,26.028340961203412,418,6.933599506426169,40.06514305515931,294
405,Fisk,-0.05439506931215288,28.26035952202879,399,6.677058351804522,31.060201419728863,392
406,Slippery Rock,-0.6095058078149131,26.93265189097822,408,6.7669671246572625,34.12101498936939,361
407,Lincoln (CA),-0.4787336007343521,27.242595098302004,406,6.716352974388251,32.38343464842665,378
408,Worcester State,-0.8773738417860626,26.303348141660166,416,6.81296727932425,35.730074421694816,346
409,Trinity Christian (IL),-0.2923036206514693,27.68749381881568,401,6.648675202822372,30.119297485400075,401
410,University of The Southwest,-1.549228600683974,24.75869607784107,426,6.979355373167867,41.745334835872285,277
411,Culver-Stockton,-1.643586100232942,24.54570759645304,430,6.993361834118472,42.262843868500916,269
412,Winston-Salem,0.9516351689030058,30.743737712611296,378,6.160965797552887,16.306061405427986,496
413,Bryant & Stratton,-0.36842607611041434,27.50540510359314,402,6.598426428823848,28.485870416687497,419
414,Guilford,-0.6629281571549788,26.80654626074275,410,6.677193626327353,31.064716254496133,391
415,Champion Christian,-0.6678103517327694,26.795036482213163,411,6.6605606894427885,30.511741595171284,398
416,Central Methodist,-0.05225858262980143,28.26552972478072,398,6.43083207024025,23.36502446339078,459
417,Sacred Heart,-1.979294038296449,23.795979608638707,433,6.906976291813245,39.09569950749715,303
418,Cumberland (TN),-0.4147885493852028,27.394793528697598,405,6.475334115064201,24.67303678863026,449
419,Xavier,-1.9991601103012053,23.752010114509233,434,6.910343985607478,39.21796886023553,300
420,Mercer,-1.1672416389673073,25.630928786798023,420,6.691918354948484,31.557852252345153,385
421,Cal Lutheran,-1.322600372419413,25.27425961627834,424,6.733525650148578,32.96891715063409,373
422,Mercy,-1.745478482245475,24.316821147222072,432,6.822814516845513,36.07796647736398,343
423,Illinois-Springfield,-2.5744134189151255,22.49833062867618,443,7.02021954878598,43.25884963892974,260
424,Newberry,-2.1439731311999415,23.432847196490652,437,6.910112481428213,39.20956031797771,301
425,Christian Brothers,-1.2589192076386402,25.42014065698335,422,6.665011930661711,30.65929814837474,396
426,North Central College,-1.3041394340251466,25.316504577320252,423,6.668806630207104,30.78533881360755,395
427,St. Bonaventure,-1.6213439304513928,24.59582488913342,429,6.733101362884048,32.95440040622507,374
428,Kansas City,-0.6852258367236237,26.75399974115843,412,6.440126123462369,23.634979596796285,457
429,Jarvis Christian,-1.5834434366787091,24.681350729356193,427,6.618356311485518,29.128660242062853,412
430,Roosevelt,-0.3956609109456908,27.44040158943474,404,6.20650077474115,17.388672364511592,488
431,SIU Edwardsville,0.5322237417039783,29.69673984812352,390,5.659094015071578,7.265111551088646,538
432,New Orleans,0.6049717853262502,29.877171905400967,388,5.572694804387112,6.20253101225608,542
433,Dartmouth,-0.8387411639273674,26.393642191048183,415,6.311062941062222,20.043052949050193,473
434,Macalester,-3.2847338322053394,21.003347207037127,449,6.904164419556406,38.99369256950214,305
435,King (TN),-2.0767109151030807,23.58079480786634,436,6.590160935860316,28.221286838547154,421
436,North Dakota,-0.8084256905929346,26.46460735904016,414,6.149429830044781,16.038898826808307,498
437,Little Rock,-2.425956671073876,22.81823174188765,441,6.632883796268303,29.60143346457636,405
438,Pittsburgh-Johnstown,-2.9435997376397287,21.71391158129343,445,6.762789821764342,33.97626268550968,364
439,Mississippi University For Women,-2.262994251773587,23.172315901937402,438,6.566971726124561,27.48536468378271,430
440,Johnson University (TN),-3.4368168804492862,20.691021170954638,452,6.841622582471704,36.74562456581128,333
441,Dallas Christian,-4.544891834439308,18.49958465806087,467,6.983951414724695,41.91499587753585,273
442,Charlotte,-3.855402247619268,19.84570772812312,458,6.831546928192318,36.38744077601377,339
443,Cal Maritime,-4.194872248475796,19.175708462976797,464,6.896929965168855,38.73159632388013,308
444,College of Idaho,-4.799049654501872,18.01803877792503,476,7.021055837375041,43.28993531244336,257
445,Milwaukee,-0.959345127116678,26.112285389288694,417,5.898032583422022,10.925838292838863,525
446,Miles,-3.3715831138644257,20.824650797755172,451,6.677058351804522,31.060201419728863,392
447,Arizona Christian,-4.044789411898344,19.470196224370845,459,6.8316331076168675,36.3904994195757,338
448,College Of Saint Mary,-4.790049736729068,18.034955140971253,475,6.975082293327508,41.58773346708692,278
449,Johnson & Wales (RI),-3.440294163304853,20.68391232590748,453,6.652628401766054,30.249574835377736,399
450,Southern Wesleyan,-4.652036715875384,18.295613199561927,471,6.910112481428213,39.20956031797771,301
451,Walsh,-4.56801845272057,18.455439420961167,468,6.852119965617301,37.12003066867271,327
452,Crown College,-4.9361915401276155,17.761498363998427,478,6.904164419556406,38.99369256950214,305
453,Texas Southern,-1.5834775429977386,24.681273693905485,428,5.913406187564218,11.200187851118349,524
454,Mount St. Mary's,-2.374272910734711,22.93019943375659,440,6.236471499317128,18.125613510099274,481
455,Georgian Court University,-3.1147648409465605,21.355661785612085,448,6.447010744128534,23.836052323181846,453
456,Eastern Michigan,-2.366199509966992,22.947717421818542,439,6.161892089555253,16.327638237702086,495
457,William Jewell,-3.602946912286062,20.353008404753563,455,6.53463533552,26.475203669260317,440
458,Defiance,-5.184901627771555,17.30217010737169,480,6.892587248146236,38.57451002192207,311
459,South Carolina Upstate,-1.4410380645024778,25.004118963205112,425,5.677545772172785,7.509135506416231,537
460,Johns Hopkins University,-4.438763578784628,18.70300777163228,465,6.681578701066308,31.21122381203224,388
461,Buffalo State,-6.74285059414163,14.599024648306496,491,7.130845980309529,47.39980409411167,230
462,Columbia College (MO),-5.952376022545367,15.932978808134868,484,6.928067807845383,39.86318877221001,296
463,Jackson State,-3.2928218686964614,20.98666775004925,450,6.286707207221256,19.40397286740695,477
464,UMBC,-7.354125576326006,13.620421267421328,499,7.165480059412855,48.70417443377718,226
465,Saint Peter's,-2.8409033264437697,21.93051209521536,444,6.0810500938936976,14.514329562246752,511
466,Southern,-3.0464558675366513,21.49821822404933,447,6.1352031076002085,15.71338221306074,501
467,North Greenville,-6.119371471222974,15.64471993037182,487,6.89278274131977,38.58157746565818,310
468,Walla Walla,-3.6746948748573063,20.208052267077743,456,6.305428891857683,19.894105689932307,474
469,Central Christian College,-7.57803323476904,13.273460983158492,502,7.116829882714898,46.87264956916231,235
470,Keene State,-4.634589899981255,18.32873066739938,470,6.5149571998374345,25.86985000802713,445
471,Southeast Missouri State,-2.5002445768639303,22.657834204312444,442,5.73971548533687,8.377432094771542,534
472,California Baptist,-3.0179712100579694,21.557826762805316,446,5.980566700982759,12.456393891727464,520
473,Paine,-6.084755757425953,15.704187841123513,486,6.804584574839729,35.4348531347902,349
474,Hendrix College,-7.238292379282609,13.802327624715904,497,6.986245586691824,41.99974081431458,272
475,Life Pacific,-5.4577594754769345,16.80703325457884,481,6.640881625334347,29.86320412353211,404
476,Faulkner,-3.7057365620678278,20.145529083163094,457,6.107266007676329,15.086893208270519,508
477,UNT Dallas,-4.521734662277065,18.54385389695873,466,6.326856151869921,20.464133592483268,471
478,Charleston Southern,-7.109456755430036,14.006591458524836,493,6.892313663302142,38.56462005511322,312
479,Seattle U,-4.174276251758358,19.215959041927615,462,6.2184416016027395,17.679967922256118,484
480,Bridgeport,-4.126946417098263,19.30865100509135,461,6.115364955091326,15.266776159203044,506
481,Meredith College,-7.947008949557158,12.71508434973897,505,6.956026713618935,40.8865981175491,283
482,Sul Ross State,-6.6694242494549885,14.719675877074728,490,6.730428446234349,32.863007229985485,375
483,IU Indianapolis,-3.565941898937944,20.428013357325707,454,5.646347502433768,7.100118260853766,539
484,Southern Illinois,-4.8045978102864,18.007615355795703,477,6.1762939800023124,16.66549735757103,493
485,Hampton,-6.428035632626224,15.121015508954278,488,6.579521214052385,27.88245389038446,425
486,Lafayette,-5.846530447352175,16.117473377036458,483,6.446302055260464,23.815311145491126,455
487,Robert Morris,-4.7647261359527056,18.08260715832824,474,6.1376036934177405,15.768002310989182,500
488,Immaculata,-8.308736320272292,12.183749553332168,508,6.903257194030402,38.960797069299,307
489,Lake Erie,-7.624459261539342,13.20228940783415,503,6.763891186013108,34.014404441959066,362
490,Maryville College (TN),-8.955006115002863,11.27368850633212,511,6.9691034943436145,41.36744854279749,280
491,La Sierra,-4.710643252828645,18.184640162762438,473,6.022556873726699,13.290123590831914,518
492,Rider,-4.17488760493933,19.214763535809087,463,5.746833429576554,8.481470782507122,533
493,Salem University,-7.123951501638635,13.98350860499667,494,6.618710528334225,29.140145622837565,411
494,Indiana-Southeast,-8.595530890077487,11.773714873387359,509,6.853031439607419,37.15259803720864,326
495,Canisius,-4.571871727174769,18.448090471678295,469,5.7639162820770755,8.735108717180045,532
496,Kentucky State,-7.403252168476176,13.543769743735323,500,6.543301097240785,26.744052359763902,437
497,Ohio Christian,-7.478803697810046,13.426465627372897,501,6.532161366457392,26.398703593918583,442
498,American University,-4.069439122008453,19.421641402423646,460,4.746425981987187,1.0197975581886682,551
499,Talladega,-9.158110169771682,10.997969521709145,513,6.756489253344412,33.758381638657504,368
500,Cleary University,-6.054760781872795,15.755837655765259,485,6.06621885482266,14.196971820457877,514
501,Ohio,-7.237349770540358,13.803814677763926,496,6.3356511131907345,20.70089027847382,470
502,St. Francis (IL),-8.139720382754184,12.43004049330591,507,6.5132064606912605,25.81634163764211,446
503,Cal State Fullerton,-4.687088555987997,18.22919090939375,472,4.939689441121299,1.6327075957346016,550
504,Mississippi Valley State,-7.327999487895155,13.661306125848776,498,6.228582726305299,17.92976758113734,483
505,Yale,-5.055043652387574,17.541045297115527,479,5.1109188318651935,2.416452696543841,548
506,UC San Diego,-5.656562229474026,16.452079750113484,482,5.589290611282747,6.396628778439103,540
507,Southern-New Orleans,-6.9033432584992775,14.33762865757765,492,6.092664332831352,14.766158859638773,509
508,Southeastern Baptist College,-9.394049238646204,10.68379161694159,515,6.615470006788609,29.03515148080781,415
509,Delaware State,-7.159010632519954,13.927783966951285,495,6.05682859991256,13.998486562252992,516
510,Central Baptist College,-8.889510458116494,11.36364419150997,510,6.409275665835384,22.745527682091915,465
511,Radford,-6.530206022674929,14.950264078545855,489,5.723890299253022,8.149564071079679,536
512,Arkansas-Pine Bluff,-9.234413943803137,10.895645824188222,514,6.42990569710683,23.33821103136742,461
513,Centenary (LA),-9.512114856908063,10.529028372391608,516,6.436289347542655,23.523328952673804,458
514,Wesleyan College (GA),-10.968918544344845,8.751340021252558,520,6.6515220266582284,30.213088879083827,400
515,Apprentice School,-12.269915285285826,7.362217369197439,529,6.770825249396688,34.25491504425949,360
516,Johnson & Wales (NC),-10.400525257779709,9.416253832714789,519,6.3658805058913,21.526918667537693,468
517,Virginia-Lynchburg,-11.536431011657719,8.123057695250024,526,6.537210385836416,26.554948928897538,439
518,UMass Lowell,-7.957709383122281,12.699138811939225,506,5.468771087930287,5.089669746707075,544
519,North Florida,-9.004916647658728,11.205480569586989,512,5.853078951606226,10.151398716415272,528
520,Central Connecticut,-7.931296930460403,12.738523273491337,504,5.344462365293837,3.9739448754692006,546
521,Erskine,-12.872694374521942,6.7787711133933515,534,6.542609711460446,26.722552200024687,438
522,Hood College,-15.330291837162253,4.7623009087380925,542,6.761510554388854,33.93198048870622,366
523,Florida A&M,-9.650976676549902,10.349088544521878,517,5.873088741429657,10.491033384555504,527
524,Evergreen State,-11.162534176863485,8.53303911151168,523,6.173312023309734,16.595174755290437,494
525,Sewanee,-15.251700443786923,4.818356483083075,541,6.606697009275586,28.751795607113785,418
526,Trinity Baptist,-13.735758171178563,6.006386517894805,536,6.4517246588213535,23.97426576206354,452
527,Saint Elizabeth,-11.283678851852141,8.39853909870082,524,6.074489469600563,14.373361688951308,513
528,Cal State Northridge,-12.027759360639568,7.607134770689318,527,6.189308855919006,16.974670783475972,491
529,Cheyney (PA),-12.041477814648932,7.593096173329547,528,6.111903990484728,15.189732496296388,507
530,Bethesda University,-11.355106709642993,8.319986345299135,525,5.962333049741644,12.105989960115199,522
531,St. Thomas (TX),-12.713000373212395,6.929748622522255,531,6.207044931870927,17.401880293324833,487
532,Clinton College,-11.00574454061309,8.709501019239257,521,5.723968140153334,8.150673352526328,535
533,Emmanuel (MA),-13.770312746641729,5.976960488453926,537,6.205634295284555,17.367654102665416,489
534,Utah State,-10.067202709066542,9.823126401154331,518,4.9966565911588,1.8650029351035866,549
535,UT Martin,-14.044039268973801,5.747834375041296,539,6.212292526807966,17.52957851418832,485
536,Arkansas Baptist,-12.348078813812059,7.284463227585107,530,5.884077501068173,10.681013335318385,526
537,Northeastern,-12.808389041824565,6.839258079852605,533,5.962964037797034,12.11799889968958,521
538,Park University Gilbert,-15.538393183583285,4.616392049575636,544,6.295293710656202,19.62784724773583,476
539,Wagner,-11.161815419706606,8.533841893643723,522,5.335993947793106,3.905813677156389,547
540,Florida National,-17.936087440120286,3.1809805310143537,549,6.475680833413979,24.68337926679264,448
541,Niagara,-15.509671119804157,4.63631413963771,543,6.192261517369421,17.045321104931073,490
542,Arlington Baptist,-18.990709003515185,2.678417163078918,550,6.42390848237258,23.165038139547185,462
543,Iona,-14.909310006482585,5.06875405329348,540,5.921615360982945,11.348685781583495,523
544,Long Island University,-13.525558773635936,6.187838937096388,535,5.562516907323394,6.085787369942619,543
545,St. Francis (PA),-14.019585591399423,5.768018332969786,538,5.579137837946983,6.277333133716912,541
546,College Of Biblical Studies,-16.394681504075635,4.053380905004813,547,6.0010047926466745,12.857518434242193,519
547,Fort Lauderdale,-17.700448865289015,3.303321525440179,548,6.117035892068809,15.304065094161956,505
548,Le Moyne,-12.770479778990012,6.875110955114111,532,4.211726957125929,0.23685946450757545,556
549,LeTourneau,-20.53718700603429,2.0626148483271662,553,6.229750261463869,17.958668503745155,482
550,North Carolina Central,-15.818448774649234,4.4257238156748295,545,5.434037515125165,4.755363550088597,545
551,Alabama State,-23.392452912036397,1.237368018091783,554,6.177168283769186,16.6861522099291,492
552,Warren Wilson,-25.312144620947855,0.859292527791043,555,6.077017889898542,14.427579956509906,512
553,Presbyterian,-16.043253480929312,4.277308296025081,546,4.462805572588682,0.48399109156524567,554
554,South Carolina State,-19.189324081310474,2.5916101624409595,551,4.4861776682839185,0.5159229217346422,553
555,Cal State Bakersfield,-19.846818522578744,2.3208653355623663,552,4.280731783005522,0.28975215991260356,555
556,Chicago State,-34.01975386332012,0.13241040374544583,556,4.722416177255676,0.9598653849683432,552
