Rk,Player,eFGp,AST,TOV,G,Season,Age,Team,G,GS,AS,MP,FG,FGA,2P,2PA,3P,3PA,FT,FTA,ORB,DRB,TRB,AST,STL,BLK,TOV,PF,PTS,FG%,2P%,3P%,FT%,TS%,eFG%,Pos,Player-additional
1,Te-Hina PaoPao,0.654,35,17,21,2025,22,ATL,21,4,0,262,41,81,17,31,24,50,6,11,6,23,29,35,5,2,17,24,112,0.506,0.548,0.48,0.545,0.652,0.654,G,paopate01
2,Crystal Langhorne,0.624,15,36,34,2008,21,WAS,34,6,0,529,68,109,68,109,0,0,28,51,53,83,136,15,15,6,36,54,164,0.624,0.624,,0.549,0.624,0.624,F-C,langhcr01
3,Julie Allemand,0.619,128,57,22,2020,23,IND,22,22,0,716,61,134,17,42,44,92,22,30,8,92,100,128,25,9,57,57,188,0.455,0.405,0.478,0.733,0.639,0.619,G,allemju01
4,Haixia Zheng,0.618,17,46,28,1997,30,LAS,28,21,0,557,110,178,110,178,0,0,39,59,32,91,123,17,11,20,46,77,259,0.618,0.618,,0.661,0.635,0.618,C,zhengha01
5,Leonie Fiebich,0.613,70,41,40,2024,24,NYL,40,15,0,837,97,203,42,76,55,127,18,25,39,82,121,70,38,7,41,88,267,0.478,0.553,0.433,0.72,0.624,0.613,F,fiebile01
6,Jeanette Pohlen-Mavunga,0.613,33,21,34,2011,22,IND,34,2,0,539,48,102,19,40,29,62,13,15,10,37,47,33,13,4,21,32,138,0.471,0.475,0.468,0.867,0.635,0.613,G,pohleje01
7,Nicky McCrimmon,0.61,65,48,32,2000,28,LAS,32,0,0,488,39,77,23,44,16,33,7,14,9,23,32,65,29,8,48,41,101,0.506,0.523,0.485,0.5,0.607,0.61,G,mccrini01
8,Jennifer Azzi,0.597,106,56,28,1999,30,DET,28,19,0,838,93,181,63,123,30,58,86,104,5,56,61,106,24,4,56,103,302,0.514,0.512,0.517,0.827,0.666,0.597,G,azzije01
9,Jana Vesela,0.594,18,26,29,2010,26,SEA,29,0,0,330,35,64,29,49,6,15,16,20,16,42,58,18,18,7,26,28,92,0.547,0.592,0.4,0.8,0.632,0.594,F,veselja02
10,Elisa Aguilar,0.591,16,11,28,2002,25,UTA,28,0,0,141,14,33,3,12,11,21,4,7,0,11,11,16,3,2,11,5,43,0.424,0.25,0.524,0.571,0.596,0.591,G,aguilel01
11,Sancho Lyttle,0.584,17,23,33,2005,21,HOU,33,0,0,460,59,101,59,101,0,0,22,40,35,90,125,17,20,3,23,45,140,0.584,0.584,,0.55,0.59,0.584,F,lyttlsa01
12,Aliyah Boston,0.583,89,75,40,2023,21,IND,40,40,1,1249,233,403,229,393,4,10,108,145,125,210,335,89,53,50,75,125,578,0.578,0.583,0.4,0.745,0.619,0.583,F-C,bostoal01
13,Kristi Toliver,0.579,51,44,27,2009,22,CHI,27,0,0,386,72,159,32,69,40,90,21,23,6,31,37,51,10,3,44,33,205,0.453,0.464,0.444,0.913,0.606,0.579,G,tolivkr01
14,Rebekah Gardner,0.577,44,55,35,2022,31,CHI,35,2,0,760,116,214,101,172,15,42,48,60,44,71,115,44,49,19,55,81,295,0.542,0.587,0.357,0.8,0.614,0.577,G,gardnre01
15,Crystal Robinson,0.572,49,46,32,1999,25,NYL,32,9,0,901,125,285,49,111,76,174,49,58,38,51,89,49,44,11,46,78,375,0.439,0.441,0.437,0.845,0.604,0.572,F,robincr03
16,Andrea Congreaves,0.571,41,31,28,1997,27,CHA,28,16,0,658,63,126,45,82,18,44,43,56,40,93,133,41,16,5,31,52,187,0.5,0.549,0.409,0.768,0.621,0.571,F-C,congran01
17,Nikolina Milic,0.57,23,42,31,2022,28,MIN,31,4,0,364,74,135,68,113,6,22,31,42,46,47,93,23,10,8,42,57,185,0.548,0.602,0.273,0.738,0.603,0.57,F,milicni01
18,Tamika Williams,0.568,51,74,31,2002,22,MIN,31,31,0,1023,124,221,121,210,3,11,63,108,96,133,229,51,44,13,74,57,314,0.561,0.576,0.273,0.583,0.585,0.568,F,willita02
19,Alaina Coates,0.568,13,17,32,2018,23,CHI,32,0,0,364,42,74,42,74,0,0,25,40,39,63,102,13,6,7,17,58,109,0.568,0.568,,0.625,0.595,0.568,C,coateal01
20,Jonquel Jones,0.566,22,25,34,2016,22,CON,34,6,0,479,85,160,74,127,11,33,51,69,61,65,126,22,22,38,25,72,232,0.531,0.583,0.333,0.739,0.609,0.566,C,jonesjo04
21,Charisse Sampson,0.564,11,14,21,2000,25,SEA,21,6,0,280,22,47,13,24,9,23,25,28,14,27,41,11,18,6,14,37,78,0.468,0.542,0.391,0.893,0.657,0.564,G,sampsch01
22,Nina Bjedov,0.56,17,26,27,1999,27,LAS,27,0,0,431,52,100,44,81,8,19,9,18,21,49,70,17,9,22,26,60,121,0.52,0.543,0.421,0.5,0.561,0.56,C,bjedoni01
23,Devereaux Peters,0.56,33,39,30,2012,22,MIN,30,2,0,424,61,109,61,109,0,0,36,51,44,69,113,33,14,23,39,74,158,0.56,0.56,,0.706,0.601,0.56,F,peterde01
24,Olivia Nelson-Ododa,0.56,11,30,30,2022,21,LAS,30,6,0,436,47,84,47,84,0,0,26,37,34,55,89,11,9,24,30,77,120,0.56,0.56,,0.703,0.598,0.56,C,nelsool01
25,Monique Akoa-Makani,0.558,55,29,21,2025,24,PHO,21,21,0,441,63,138,35,73,28,65,26,26,14,28,42,55,21,1,29,58,180,0.457,0.479,0.431,1,0.602,0.558,G,akoamo01
26,Jenna O'Hea,0.558,40,26,31,2011,24,LAS,31,5,0,507,49,113,21,50,28,63,22,28,15,32,47,40,12,5,26,46,148,0.434,0.42,0.444,0.786,0.59,0.558,F,oheaje01
27,Brittney Griner,0.556,28,47,27,2013,22,PHO,27,27,1,699,139,250,139,250,0,0,63,87,37,134,171,28,13,81,47,80,341,0.556,0.556,,0.724,0.591,0.556,C,grinebr01
28,Imani McGee-Stafford,0.554,18,28,31,2016,21,CHI,31,16,0,587,87,157,87,157,0,0,33,50,54,121,175,18,19,42,28,94,207,0.554,0.554,,0.66,0.578,0.554,C,boyetim01
29,Maria Kliundikova,0.554,11,12,25,2018,19,LAS,25,0,0,204,39,74,35,62,4,12,9,12,18,37,55,11,9,11,12,45,91,0.527,0.565,0.333,0.75,0.574,0.554,F,vadeema01
30,Sika Koné,0.553,10,21,20,2023,20,CHI,20,0,0,186,25,47,23,41,2,6,20,26,22,37,59,10,3,1,21,34,72,0.532,0.561,0.333,0.769,0.616,0.553,F,konesi01
31,Cynthia Cooper,0.553,131,109,28,1997,34,HOU,28,28,0,982,191,406,124,244,67,162,172,199,33,78,111,131,59,6,109,68,621,0.47,0.508,0.414,0.864,0.629,0.553,G,coopecy01
32,Greta Koss,0.552,10,18,13,1997,23,UTA,13,10,0,268,15,29,13,26,2,3,12,16,12,25,37,10,9,4,18,15,44,0.517,0.5,0.667,0.75,0.61,0.552,F,kossgr01
33,Natalie Achonwa,0.55,17,37,28,2015,22,IND,28,17,0,484,88,160,88,160,0,0,47,63,40,57,97,17,14,13,37,58,223,0.55,0.55,,0.746,0.594,0.55,F,achonna01
34,Marine Johannes,0.55,46,22,19,2019,24,NYL,19,0,0,345,48,110,23,44,25,66,15,19,9,25,34,46,8,3,22,30,136,0.436,0.523,0.379,0.789,0.575,0.55,G,johanma01
35,Shakira Austin,0.547,33,54,36,2022,21,WAS,36,32,0,776,122,223,122,222,0,1,68,109,63,169,232,33,27,30,54,84,312,0.547,0.55,0,0.624,0.576,0.547,C-F,austish01
36,Kiah Stokes,0.547,26,37,34,2015,22,NYL,34,6,0,862,82,150,82,148,0,2,33,48,60,159,219,26,24,67,37,76,197,0.547,0.554,0,0.688,0.576,0.547,C,stokeki01
37,Jayne Appel-Marinelli,0.542,13,19,28,2010,22,SAS,28,0,0,306,38,71,37,68,1,3,19,34,21,50,71,13,7,5,19,40,96,0.535,0.544,0.333,0.559,0.558,0.542,C,appelja01
38,Yolanda Griffith,0.541,45,66,29,1999,29,SAC,29,29,1,979,200,370,200,369,0,1,145,235,141,188,329,45,73,54,66,91,545,0.541,0.542,0,0.617,0.576,0.541,C-F,griffyo01
39,Aaliyah Nye,0.54,12,14,22,2025,22,LVA,22,0,0,397,41,99,16,35,25,64,10,13,6,26,32,12,7,5,14,41,117,0.414,0.457,0.391,0.769,0.559,0.54,G-F,nyeaa01
40,Alisa Burras,0.539,17,38,31,1999,24,CLE,31,22,0,563,103,191,103,191,0,0,26,47,40,84,124,17,17,10,38,47,232,0.539,0.539,,0.553,0.548,0.539,C,burraal01
41,Yvonne Anderson,0.538,12,11,11,2022,32,CON,11,0,0,101,12,26,8,16,4,10,7,7,3,6,9,12,3,2,11,14,35,0.462,0.5,0.4,1,0.602,0.538,G,anderyv01
42,Brianna Turner,0.538,15,19,29,2019,22,PHO,29,12,0,462,49,91,49,91,0,0,19,26,45,75,120,15,7,21,19,50,117,0.538,0.538,,0.731,0.571,0.538,F-C,turnebr01
43,Marion Jones,0.538,19,23,33,2010,34,TUL,33,1,0,311,42,80,40,72,2,8,25,42,29,24,53,19,18,7,23,33,111,0.525,0.556,0.25,0.595,0.564,0.538,G,jonesma06
44,Chiney Ogwumike,0.537,20,59,31,2014,22,CON,31,31,1,921,196,365,196,365,0,0,88,127,122,141,263,20,36,37,59,113,480,0.537,0.537,,0.693,0.57,0.537,F-C,ogwumch01
45,Suzie McConnell Serio,0.537,178,104,28,1998,31,CLE,28,28,0,882,80,176,51,105,29,71,51,70,8,54,62,178,49,5,104,48,240,0.455,0.486,0.408,0.729,0.58,0.537,G,mcconsu01
46,Brandy Reed,0.537,20,33,24,1998,21,PHO,24,0,0,254,50,95,48,87,2,8,22,31,36,42,78,20,18,7,33,30,124,0.526,0.552,0.25,0.71,0.571,0.537,F,reedbr01
47,Crystal Dangerfield,0.536,75,54,21,2020,22,MIN,21,19,0,629,124,263,90,161,34,102,59,64,5,36,41,75,18,1,54,31,341,0.471,0.559,0.333,0.922,0.586,0.536,G,dangecr01
48,Nneka Ogwumike,0.536,40,42,33,2012,21,LAS,33,33,0,920,178,333,177,326,1,7,105,143,98,149,247,40,46,29,42,87,462,0.535,0.543,0.143,0.734,0.583,0.536,F,ogwumnn01
49,Eva Nemcova,0.536,67,78,28,1997,24,CLE,28,28,0,944,138,292,101,207,37,85,71,83,23,87,110,67,39,8,78,53,384,0.473,0.488,0.435,0.855,0.584,0.536,F,nemcoev01
50,Michelle Brogan,0.535,41,52,30,1998,25,PHO,30,25,0,779,93,184,82,161,11,23,78,98,45,88,133,41,44,5,52,48,275,0.505,0.509,0.478,0.796,0.605,0.535,F,brogami01
51,Candace Parker,0.535,113,93,33,2008,22,LAS,33,33,0,1109,231,442,220,416,11,26,137,187,84,229,313,113,42,75,93,91,610,0.523,0.529,0.423,0.733,0.582,0.535,F-C,parkeca01
52,Morgan Bertsch,0.534,19,30,28,2023,26,CHI,28,5,0,398,47,103,31,67,16,36,12,16,12,35,47,19,10,7,30,50,122,0.456,0.463,0.444,0.75,0.554,0.534,F,bertsmo01
53,Napheesa Collier,0.534,87,65,34,2019,22,MIN,34,34,1,1131,167,341,137,258,30,83,80,101,60,163,223,87,65,32,65,99,444,0.49,0.531,0.361,0.792,0.576,0.534,F,collina01
54,Cathy Joens,0.532,32,13,19,2007,26,CHI,19,0,0,271,31,79,9,34,22,45,11,13,6,27,33,32,17,1,13,18,95,0.392,0.265,0.489,0.846,0.561,0.532,G-F,joensca01
55,Mistie Bass,0.531,16,10,27,2006,22,HOU,27,6,0,273,34,64,34,64,0,0,11,34,29,35,64,16,11,3,10,32,79,0.531,0.531,,0.324,0.5,0.531,F,bassmi01
56,Jene Morris,0.53,12,17,25,2010,22,IND,25,0,0,196,28,66,14,28,14,38,2,3,3,11,14,12,8,2,17,28,72,0.424,0.5,0.368,0.667,0.535,0.53,G,morrije01
57,Elaine Powell,0.53,32,19,18,1999,23,ORL,18,0,0,256,17,33,16,24,1,9,12,22,9,14,23,32,9,4,19,22,47,0.515,0.667,0.111,0.545,0.551,0.53,G,powelel01
58,DeLisha Milton-Jones,0.53,50,71,32,1999,24,LAS,32,32,0,835,125,236,125,235,0,1,68,86,60,116,176,50,47,17,71,112,318,0.53,0.532,0,0.791,0.581,0.53,F,miltode01
59,Tasha Humphrey,0.529,31,45,30,2008,22,DETWAS,30,23,0,509,96,206,70,138,26,68,31,39,35,77,112,31,17,8,45,91,249,0.466,0.507,0.382,0.795,0.558,0.529,C,humphta01
60,Victoria Vivians,0.529,41,33,34,2018,23,IND,34,26,0,920,105,260,40,97,65,163,27,29,17,90,107,41,32,5,33,62,302,0.404,0.412,0.399,0.931,0.554,0.529,G-F,viviavi01
61,Rachel Jarry,0.528,11,13,27,2013,21,MIN,27,0,0,184,16,36,10,26,6,10,7,9,7,12,19,11,5,4,13,27,45,0.444,0.385,0.6,0.778,0.563,0.528,F,jarryra01
62,Luisa Geiselsoder,0.527,17,10,12,2025,25,DAL,12,8,0,273,34,73,25,43,9,30,2,3,14,45,59,17,10,12,10,26,79,0.466,0.581,0.3,0.667,0.531,0.527,C,geiselu01
63,Sonia Citron,0.526,45,43,22,2025,21,WAS,22,22,1,737,104,231,69,135,35,96,67,75,17,92,109,45,23,7,43,48,310,0.45,0.511,0.365,0.893,0.587,0.526,G,citroso01
64,Natisha Hiedeman,0.526,38,13,20,2019,22,CON,20,0,0,205,24,58,11,30,13,28,12,24,7,23,30,38,8,2,13,25,73,0.414,0.367,0.464,0.5,0.532,0.526,G,hiedena01
65,Asia Taylor,0.525,10,16,22,2014,22,MIN,22,0,0,173,21,40,21,40,0,0,18,24,12,18,30,10,4,0,16,34,60,0.525,0.525,,0.75,0.593,0.525,F,tayloas01
66,Nikki Teasley,0.524,140,68,32,2002,23,LAS,32,32,0,882,67,166,27,66,40,100,30,40,17,67,84,140,25,9,68,63,204,0.404,0.409,0.4,0.75,0.556,0.524,G,teaslni01
67,Laura Macchi,0.524,14,29,25,2004,25,LAS,25,15,0,410,52,106,45,80,7,26,41,55,23,38,61,14,21,6,29,56,152,0.491,0.563,0.269,0.745,0.584,0.524,F,macchla01
68,Ann Wauters,0.523,37,63,32,2000,19,CLE,32,0,0,598,78,149,78,147,0,2,43,58,47,82,129,37,21,24,63,75,199,0.523,0.531,0,0.741,0.57,0.523,C,wautean01
69,Dulcy Fankam Mendjiadeu,0.523,12,29,34,2023,23,SEA,34,21,0,470,56,107,56,106,0,1,22,40,58,91,149,12,13,11,29,71,134,0.523,0.528,0,0.55,0.538,0.523,F-C,fankadu01
70,Caitlin Clark,0.522,337,223,40,2024,22,IND,40,40,1,1416,242,580,120,225,122,355,163,180,14,213,227,337,53,27,223,111,769,0.417,0.533,0.344,0.906,0.583,0.522,G,clarkca02
71,Helen Luz,0.522,55,43,32,2001,28,WAS,32,3,0,489,55,136,23,54,32,82,22,25,10,27,37,55,28,5,43,47,164,0.404,0.426,0.39,0.88,0.558,0.522,G,luzhe01
72,Crystal Smith,0.521,22,18,22,2006,22,PHO,22,0,0,197,21,47,14,28,7,19,11,12,4,18,22,22,17,0,18,24,60,0.447,0.5,0.368,0.917,0.574,0.521,G,smithcr02
73,Kamilla Cardoso,0.521,54,49,32,2024,23,CHI,32,29,0,876,126,242,126,242,0,0,61,84,96,158,254,54,17,46,49,101,313,0.521,0.521,,0.726,0.561,0.521,C,cardoka01
74,Rushia Brown,0.52,20,27,28,1997,25,CLE,28,3,0,511,64,123,64,123,0,0,47,64,48,65,113,20,34,14,27,72,175,0.52,0.52,,0.734,0.579,0.52,F,brownru01
75,Razija Brcaninovic,0.52,29,64,30,1998,31,DET,30,30,0,695,106,204,106,204,0,0,60,90,54,100,154,29,9,26,64,86,272,0.52,0.52,,0.667,0.558,0.52,C,brcanra01
76,Natalie Williams,0.519,25,68,28,1999,28,UTA,28,26,1,954,180,347,180,345,0,2,144,191,109,148,257,25,38,22,68,108,504,0.519,0.522,0,0.754,0.585,0.519,C,willina03
77,Ivory Latta,0.517,20,16,31,2007,22,DET,31,1,0,221,34,87,12,38,22,49,3,7,4,15,19,20,8,2,16,24,93,0.391,0.316,0.449,0.429,0.516,0.517,G,lattaiv01
78,Taylor Lilley,0.517,15,16,21,2010,22,PHO,21,1,0,227,23,58,9,15,14,43,10,11,3,15,18,15,11,1,16,18,70,0.397,0.6,0.326,0.909,0.557,0.517,G,lilleta01
79,AD Durr,0.516,31,21,18,2019,22,NYL,18,15,0,480,71,152,56,101,15,51,18,22,5,24,29,31,10,7,21,34,175,0.467,0.554,0.294,0.818,0.541,0.516,G,durras01
80,Maya Moore,0.516,90,50,34,2011,22,MIN,34,34,1,951,164,374,106,217,58,157,63,80,57,100,157,90,48,16,50,92,449,0.439,0.488,0.369,0.788,0.549,0.516,F,moorema01
81,Leaonna Odom,0.515,16,15,22,2020,22,NYL,22,16,0,453,48,98,43,78,5,20,20,23,34,16,50,16,15,8,15,37,121,0.49,0.551,0.25,0.87,0.56,0.515,F,odomle01
82,Courtney Paris,0.515,22,20,33,2009,21,SAC,33,6,0,442,68,132,68,131,0,1,24,33,56,78,134,22,11,10,20,48,160,0.515,0.519,0,0.727,0.546,0.515,C,parisco01
83,Damiris Dantas,0.514,36,24,30,2014,21,MIN,30,23,0,655,71,139,70,138,1,1,38,50,46,106,152,36,15,11,24,62,181,0.511,0.507,1,0.76,0.562,0.514,C-F,dantada01
84,Iciss Tillis,0.514,13,23,31,2004,22,DET,31,1,0,287,35,74,29,56,6,18,7,12,13,26,39,13,9,8,23,23,83,0.473,0.518,0.333,0.583,0.523,0.514,F-C,tilliic01
85,Ariel Atkins,0.513,60,39,29,2018,21,WAS,29,24,0,652,120,278,75,152,45,126,42,51,28,41,69,60,39,10,39,73,327,0.432,0.493,0.357,0.824,0.544,0.513,G,atkinar01
86,Nicole Powell,0.512,16,22,31,2004,22,CHA,31,0,0,384,50,121,26,63,24,58,8,10,10,61,71,16,15,4,22,37,132,0.413,0.413,0.414,0.8,0.526,0.512,F,powelni01
87,Li Meng,0.512,35,28,34,2023,28,WAS,34,1,0,539,62,164,18,43,44,121,22,26,6,30,36,35,10,1,28,38,190,0.378,0.419,0.364,0.846,0.541,0.512,G,mengli01
88,Marie Ferdinand-Harris,0.512,79,63,32,2001,22,UTA,32,22,0,864,143,290,132,248,11,42,69,113,23,63,86,79,40,4,63,70,366,0.493,0.532,0.262,0.611,0.539,0.512,G,ferdima01
89,Grace Berger,0.512,67,37,36,2023,24,IND,36,0,0,524,57,127,41,93,16,34,21,25,7,49,56,67,17,6,37,38,151,0.449,0.441,0.471,0.84,0.547,0.512,G,bergegr01
90,Liz Cambage,0.511,17,79,33,2011,19,TUL,33,11,1,659,134,262,134,257,0,5,112,141,54,102,156,17,28,29,79,95,380,0.511,0.521,0,0.794,0.586,0.511,C,cambael01
91,Tina Nicholson,0.511,42,28,24,1997,23,CLE,24,14,0,273,18,44,9,20,9,24,3,5,2,8,10,42,11,1,28,28,48,0.409,0.45,0.375,0.6,0.519,0.511,G,nichoti01
92,Kara Lawson,0.511,56,42,34,2003,22,SAC,34,0,0,769,89,227,35,92,54,135,31,40,30,77,107,56,15,5,42,45,263,0.392,0.38,0.4,0.775,0.538,0.511,G,lawsoka01
93,Taj McWilliams-Franklin,0.511,51,80,32,1999,28,ORL,32,32,1,1042,153,319,133,274,20,45,94,141,81,158,239,51,57,38,80,96,420,0.48,0.485,0.444,0.667,0.551,0.511,F-C,mcwilta01
94,Kelly Schumacher,0.511,10,21,28,2001,23,IND,28,5,0,380,46,93,43,88,3,5,17,20,23,47,70,10,5,28,21,41,112,0.495,0.489,0.6,0.85,0.55,0.511,C,schumke01
95,Erlana Larkins,0.511,18,35,27,2008,22,NYL,27,0,0,335,48,94,48,94,0,0,33,56,38,35,73,18,10,7,35,54,129,0.511,0.511,,0.589,0.544,0.511,F,larkier01
96,Isabelle Fijalkowski,0.51,68,73,28,1997,25,CLE,28,28,0,803,125,246,124,242,1,4,81,103,62,95,157,68,17,17,73,129,332,0.508,0.512,0.25,0.786,0.57,0.51,F-C,fijalis01
97,Lindsay Whalen,0.508,148,94,31,2004,22,CON,31,30,0,946,83,183,63,126,20,57,89,122,21,69,90,148,39,0,94,72,275,0.454,0.5,0.351,0.73,0.581,0.508,G,whaleli01
98,Tyasha Harris,0.508,56,18,21,2020,22,DAL,21,3,0,412,55,127,36,71,19,56,14,22,0,26,26,56,18,3,18,36,143,0.433,0.507,0.339,0.636,0.523,0.508,G,harrity01
99,Becky Hammon,0.508,17,24,30,1999,22,NYL,30,0,0,202,27,64,16,26,11,38,15,17,2,17,19,17,6,0,24,27,80,0.422,0.615,0.289,0.882,0.56,0.508,G,hammobe01
100,Cindy Brown,0.507,53,67,30,1998,33,DET,30,30,0,965,126,268,106,207,20,61,82,116,70,231,301,53,51,22,67,105,354,0.47,0.512,0.328,0.707,0.555,0.507,F,brownci01
101,Tamika Catchings,0.507,118,82,32,2002,22,IND,32,32,1,1167,184,438,108,246,76,192,150,184,91,184,275,118,94,43,82,105,594,0.42,0.439,0.396,0.815,0.572,0.507,F,catchta01
102,Breanna Stewart,0.507,114,81,34,2016,21,SEA,34,34,0,1179,208,455,163,322,45,133,160,192,40,277,317,114,42,64,81,82,621,0.457,0.506,0.338,0.833,0.576,0.507,F,stewabr01
103,Danielle Adams,0.507,13,27,23,2011,22,SAS,23,0,1,480,99,230,64,130,35,100,53,71,35,63,98,13,12,15,27,60,286,0.43,0.492,0.35,0.746,0.547,0.507,F-C,adamsda02
104,Ana Dabovic,0.506,46,38,24,2015,25,LAS,24,8,0,530,74,166,54,106,20,60,42,52,11,28,39,46,21,1,38,69,210,0.446,0.509,0.333,0.808,0.556,0.506,G,dabovan01
105,Shannon Johnson,0.506,141,121,32,1999,24,ORL,32,32,1,1147,151,338,111,228,40,110,105,153,44,106,150,141,54,12,121,79,447,0.447,0.487,0.364,0.686,0.551,0.506,G,johnssh01
106,Kayte Christensen,0.505,15,32,30,2002,21,PHO,30,2,0,413,48,95,48,94,0,1,24,35,39,41,80,15,24,13,32,73,120,0.505,0.511,0,0.686,0.543,0.505,F,chriska01
107,Dorka Juhász,0.505,99,47,38,2023,23,MIN,38,27,0,919,94,199,81,151,13,48,27,50,64,182,246,99,36,23,47,70,228,0.472,0.536,0.271,0.54,0.516,0.505,F,juhasdo01
108,Rickea Jackson,0.505,59,76,40,2024,23,LAS,40,35,0,1152,200,439,157,315,43,124,92,114,51,104,155,59,27,14,76,70,535,0.456,0.498,0.347,0.807,0.547,0.505,F,jacksri02
109,Jae Kingi-Cross,0.504,74,53,29,2001,25,DET,29,17,0,625,55,142,22,54,33,88,26,36,20,43,63,74,31,8,53,42,169,0.387,0.407,0.375,0.722,0.535,0.504,G,kingija01
110,Chennedy Carter,0.5,55,43,16,2020,21,ATL,16,16,0,406,106,224,94,192,12,32,55,67,8,28,36,55,14,5,43,57,279,0.473,0.49,0.375,0.821,0.55,0.5,G,cartech01
111,Sonia Chase,0.5,13,13,23,1998,22,CHA,23,0,0,166,14,28,14,28,0,0,6,6,5,9,14,13,5,0,13,16,34,0.5,0.5,,1,0.555,0.5,G,chaseso01
112,Te'a Cooper,0.5,40,29,20,2020,23,LAS,20,3,0,345,51,113,40,81,11,32,26,34,2,18,20,40,13,0,29,39,139,0.451,0.494,0.344,0.765,0.543,0.5,G,coopete01
113,Tamecka Dixon,0.5,55,58,27,1997,21,LAS,27,21,0,715,115,252,93,200,22,52,68,88,22,59,81,55,49,5,58,76,320,0.456,0.465,0.423,0.773,0.55,0.5,G,dixonta01
114,Ivana Dojkić,0.5,65,35,23,2023,25,SEA,23,15,0,461,48,119,25,64,23,55,31,43,4,36,40,65,18,4,35,44,150,0.403,0.391,0.418,0.721,0.544,0.5,G,dojkiiv01
115,Sonja Henning,0.5,74,29,32,1999,29,HOU,32,32,0,798,52,117,39,76,13,41,11,18,22,58,80,74,34,7,29,60,128,0.444,0.513,0.317,0.611,0.512,0.5,G,henniso01
116,Joy Holmes-Harris,0.5,14,16,29,2000,31,DET,29,0,0,271,33,70,29,59,4,11,21,30,17,28,45,14,11,4,16,36,91,0.471,0.492,0.364,0.7,0.547,0.5,F,holmejo02
117,Jantel Lavender,0.5,15,28,33,2011,22,LAS,33,3,0,487,92,184,92,184,0,0,33,45,35,68,103,15,6,12,28,46,217,0.5,0.5,,0.733,0.532,0.5,F,lavenja01
118,Dominique Malonga,0.5,15,23,22,2025,19,SEA,22,0,0,193,43,86,43,79,0,7,9,13,15,46,61,15,4,3,23,29,95,0.5,0.544,0,0.692,0.518,0.5,C,malondo01
119,Rhonda Mapp,0.5,64,68,28,1997,27,CHA,28,23,0,710,120,244,116,236,4,8,82,106,53,101,154,64,21,12,68,104,326,0.492,0.492,0.5,0.774,0.561,0.5,C,mapprh01
120,JJ Quinerly,0.5,46,25,21,2025,22,DAL,21,6,0,295,53,119,40,87,13,32,28,32,10,22,32,46,17,4,25,46,147,0.445,0.46,0.406,0.875,0.552,0.5,G,quinejj01
121,DiDi Richards,0.5,25,16,31,2021,22,NYL,31,0,0,346,27,64,17,42,10,22,6,10,9,25,34,25,17,6,16,24,70,0.422,0.405,0.455,0.6,0.512,0.5,G-F,richadi01
122,Angel McCoughtry,0.499,71,72,34,2009,22,ATL,34,10,0,735,160,336,145,285,15,51,100,135,35,70,105,71,74,12,72,92,435,0.476,0.509,0.294,0.741,0.55,0.499,F-G,mccouan01
123,Anna Cruz,0.498,121,72,34,2014,27,NYL,34,34,0,922,109,236,92,187,17,49,27,39,14,104,118,121,44,9,72,61,262,0.462,0.492,0.347,0.692,0.517,0.498,G,cruzan01
124,Anete Jekabsone-Zogota,0.498,59,48,27,2009,25,CON,27,16,0,644,97,234,58,135,39,99,22,28,12,66,78,59,9,0,48,61,255,0.415,0.43,0.394,0.786,0.518,0.498,G,jekaban01
125,Stacey Dales,0.498,84,68,31,2002,22,WAS,31,28,1,805,93,230,50,121,43,109,74,100,26,55,81,84,16,4,68,79,303,0.404,0.413,0.394,0.74,0.553,0.498,F,dalesst01
126,Danielle McCray,0.497,42,34,34,2011,23,CON,34,23,0,513,69,173,35,86,34,87,27,35,14,63,77,42,16,4,34,45,199,0.399,0.407,0.391,0.771,0.528,0.497,F,mccrada01
127,Kitija Laksa,0.497,19,13,21,2025,29,PHO,21,5,0,491,58,151,24,50,34,101,13,19,9,21,30,19,9,4,13,37,163,0.384,0.48,0.337,0.684,0.511,0.497,F,laksaki01
128,Robyn Parks,0.496,16,19,37,2023,30,CHI,37,2,0,505,53,139,21,52,32,87,7,7,15,44,59,16,12,5,19,35,145,0.381,0.404,0.368,1,0.51,0.496,F,parksro01
129,Stephanie White,0.496,52,38,30,1999,22,CHA,30,5,0,563,53,130,30,65,23,65,30,33,16,33,49,52,19,2,38,47,159,0.408,0.462,0.354,0.909,0.55,0.496,G-F,mccarst01
130,Franthea Price,0.496,35,32,26,1998,30,SAC,26,1,0,379,43,115,15,37,28,78,13,18,7,37,44,35,20,2,32,29,127,0.374,0.405,0.359,0.722,0.517,0.496,G,pricefr01
131,Niele Ivey,0.495,70,35,32,2001,23,IND,32,26,0,708,38,102,13,32,25,70,14,15,16,39,55,70,33,5,35,51,115,0.373,0.406,0.357,0.933,0.529,0.495,G,iveyni01
132,Natasha Lacy,0.494,56,38,16,2010,24,TUL,16,3,0,293,38,80,35,68,3,12,22,37,5,32,37,56,23,3,38,30,101,0.475,0.515,0.25,0.595,0.525,0.494,G,lacyna01
133,Evanthia Maltsi,0.493,39,26,26,2007,28,CON,26,7,0,482,53,140,21,63,32,77,9,12,16,50,66,39,20,2,26,39,147,0.379,0.333,0.416,0.75,0.506,0.493,G-F,maltsev01
134,Renee Montgomery,0.492,72,66,34,2009,22,MIN,34,9,0,764,102,250,60,129,42,121,60,72,15,51,66,72,25,9,66,37,306,0.408,0.465,0.347,0.833,0.543,0.492,G,montgre01
135,Stefanie Dolson,0.492,42,58,34,2014,22,WAS,34,1,0,627,87,177,87,174,0,3,30,37,31,118,149,42,12,37,58,91,204,0.492,0.5,0,0.811,0.528,0.492,C,dolsost01
136,Charde Houston,0.492,28,55,33,2008,22,MIN,33,0,0,581,116,236,116,236,0,0,60,81,27,95,122,28,30,13,55,70,292,0.492,0.492,,0.741,0.537,0.492,F,houstch01
137,Emma Cannon,0.491,10,31,34,2017,28,PHO,34,0,0,440,56,114,56,112,0,2,37,63,43,79,122,10,5,5,31,72,149,0.491,0.5,0,0.587,0.526,0.491,F,cannoem01
138,Aaliyah Edwards,0.49,48,50,34,2024,21,WAS,34,17,0,741,103,210,103,203,0,7,52,80,48,143,191,48,25,27,50,91,258,0.49,0.507,0,0.65,0.526,0.49,F,edwaraa01
139,Cappie Pondexter,0.49,98,45,32,2006,23,PHO,32,32,1,1067,219,495,172,369,47,126,139,163,37,70,107,98,37,4,45,84,624,0.442,0.466,0.373,0.853,0.551,0.49,G,pondeca01
140,Clarisse Machanguana,0.49,10,14,28,1999,22,LAS,28,0,0,245,24,49,24,49,0,0,26,36,16,35,51,10,8,3,14,34,74,0.49,0.49,,0.722,0.571,0.49,C-F,machacl01
141,Tammy Sutton-Brown,0.49,11,40,29,2001,23,CHA,29,21,0,602,72,147,72,147,0,0,52,72,51,78,129,11,21,39,40,84,196,0.49,0.49,,0.722,0.548,0.49,C,suttota01
142,Gordana Grubin,0.489,90,53,32,1999,26,LAS,32,18,0,708,96,237,56,144,40,93,52,68,17,54,71,90,24,2,53,53,284,0.405,0.389,0.43,0.765,0.532,0.489,G,grubigo01
143,Kalana Greene,0.489,31,36,33,2010,22,NYL,33,0,0,519,64,138,57,117,7,21,15,24,14,40,54,31,13,7,36,50,150,0.464,0.487,0.333,0.625,0.505,0.489,G,greenka01
144,Lisa Willis,0.489,10,17,24,2006,22,LAS,24,0,0,319,35,91,16,39,19,52,22,31,13,30,43,10,26,0,17,25,111,0.385,0.41,0.365,0.71,0.53,0.489,G,willili01
145,Sami Whitcomb,0.489,34,29,33,2017,28,SEA,33,0,0,404,48,133,14,31,34,102,17,21,14,42,56,34,24,0,29,50,147,0.361,0.452,0.333,0.81,0.517,0.489,G,whitcsa01
146,Shanna Zolman,0.489,34,38,34,2006,22,SAS,34,0,0,549,83,219,35,92,48,127,12,18,7,34,41,34,11,4,38,21,226,0.379,0.38,0.378,0.667,0.498,0.489,G,zolmash01
147,Alexis Gray-Lawson,0.488,35,21,27,2011,24,PHO,27,0,0,308,33,83,18,40,15,43,23,28,5,15,20,35,6,0,21,30,104,0.398,0.45,0.349,0.821,0.546,0.488,G,graylal01
148,Tracy Reid,0.487,46,71,30,1998,21,CHA,30,30,0,966,151,310,151,308,0,2,111,181,60,97,157,46,40,12,71,59,413,0.487,0.49,0,0.613,0.53,0.487,F,reidtr01
149,Tina Charles,0.487,51,71,34,2010,21,CON,34,34,0,1054,206,423,206,422,0,1,116,152,129,269,398,51,25,57,71,72,528,0.487,0.488,0,0.763,0.539,0.487,C,charlti01
150,Kristin Folkl,0.486,23,23,32,1999,23,MIN,32,1,0,518,67,140,65,126,2,14,21,39,41,75,116,23,14,12,23,68,157,0.479,0.516,0.143,0.538,0.499,0.486,F,folklkr01
151,Paige Bueckers,0.485,99,43,18,2025,23,DAL,18,18,1,629,123,274,103,213,20,61,65,77,13,59,72,99,31,13,43,49,331,0.449,0.484,0.328,0.844,0.538,0.485,G,bueckpa01
152,Betty Lennox,0.485,82,97,32,2000,23,MIN,32,31,1,984,201,471,146,332,55,139,84,105,53,125,178,82,53,9,97,112,541,0.427,0.44,0.396,0.8,0.523,0.485,G,lennobe02
153,Nicole Levesque,0.485,75,71,27,1997,25,CHA,27,21,0,622,36,98,13,32,23,66,14,15,5,42,47,75,21,3,71,47,109,0.367,0.406,0.348,0.933,0.521,0.485,G,levesni01
154,Kristy Wallace,0.485,63,44,29,2022,26,ATL,29,18,0,602,66,162,41,94,25,68,33,42,18,50,68,63,17,6,44,58,190,0.407,0.436,0.368,0.786,0.526,0.485,G,wallakr01
155,Azura Stevens,0.484,44,51,34,2018,22,DAL,34,9,0,700,111,258,83,170,28,88,52,66,59,96,155,44,31,39,51,70,302,0.43,0.488,0.318,0.788,0.526,0.484,F-C,steveaz01
156,Bernice Mosby,0.484,10,19,28,2007,23,WAS,28,0,0,279,30,62,30,61,0,1,23,28,25,53,78,10,8,6,19,22,83,0.484,0.492,0,0.821,0.558,0.484,F,mosbybe01
157,Margo Dydek,0.483,53,108,30,1998,24,UTA,30,30,0,839,146,303,145,296,1,7,93,127,41,186,227,53,14,114,108,126,386,0.482,0.49,0.143,0.732,0.538,0.483,C,dydekma01
158,Stacy Frese,0.483,17,14,21,2000,23,UTA,21,0,0,222,10,30,1,4,9,26,33,36,4,14,18,17,4,0,14,14,62,0.333,0.25,0.346,0.917,0.676,0.483,G,fresest01
159,Sidney Spencer,0.483,42,35,34,2007,22,LAS,34,22,0,828,118,300,64,177,54,123,37,42,48,90,138,42,27,11,35,86,327,0.393,0.362,0.439,0.881,0.513,0.483,G,spencsi01
160,Susanna Bonfiglio,0.483,23,18,22,2002,27,PHO,22,6,0,306,43,89,43,83,0,6,19,25,16,21,37,23,12,0,18,35,105,0.483,0.518,0,0.76,0.525,0.483,G,bonfisu01
161,Sandra Van Embricqs,0.483,16,19,28,1998,30,LAS,28,2,0,470,43,89,43,89,0,0,8,16,34,41,75,16,24,9,19,57,94,0.483,0.483,,0.5,0.489,0.483,F-C,vanemal01
162,Ruthie Bolton,0.483,59,58,23,1997,30,SAC,23,23,0,813,164,408,98,216,66,192,53,69,31,103,134,59,54,1,58,71,447,0.402,0.454,0.344,0.768,0.51,0.483,G,boltoru01
163,April Sykes,0.483,19,16,30,2012,21,LAS,30,0,0,259,33,87,15,39,18,48,8,15,8,26,34,19,9,4,16,27,92,0.379,0.385,0.375,0.533,0.491,0.483,G-F,sykesap01
164,Katie Gearlds,0.482,24,20,33,2007,22,SEA,33,0,0,437,44,114,22,50,22,64,22,25,16,37,53,24,12,6,20,22,132,0.386,0.44,0.344,0.88,0.528,0.482,G-F,gearlka01
165,Michaela Onyenwere,0.482,18,34,32,2021,21,NYL,32,29,0,711,91,227,54,114,37,113,56,67,21,73,94,18,14,9,34,80,275,0.401,0.474,0.327,0.836,0.536,0.482,F,onyenmi01
166,Erica Wheeler,0.482,27,27,20,2015,24,ATLNYL,20,0,0,229,37,83,31,63,6,20,10,16,4,16,20,27,12,0,27,28,90,0.446,0.492,0.3,0.625,0.5,0.482,G,wheeler01
167,Lexi Held,0.482,20,18,14,2025,25,PHO,14,0,0,290,43,110,23,46,20,64,16,20,8,16,24,20,21,5,18,18,122,0.391,0.5,0.313,0.8,0.513,0.482,G,heldle01
168,Coretta Brown,0.482,31,36,30,2003,22,IND,30,2,0,522,61,164,25,64,36,100,28,33,11,30,41,31,21,4,36,30,186,0.372,0.391,0.36,0.848,0.521,0.482,G,brownco01
169,Temeka Johnson,0.482,177,88,34,2005,22,WAS,34,34,0,973,125,273,112,230,13,43,52,66,13,91,104,177,44,1,88,99,315,0.458,0.487,0.302,0.788,0.521,0.482,G,johnste02
170,Glory Johnson,0.482,38,71,34,2012,21,TUL,34,28,0,958,131,272,131,272,0,0,130,192,95,137,232,38,73,20,71,103,392,0.482,0.482,,0.677,0.55,0.482,F,johnsgl02
171,Kayla McBride,0.482,58,42,34,2014,22,SAS,34,34,0,884,154,379,97,235,57,144,77,91,22,57,79,58,33,4,42,39,442,0.406,0.413,0.396,0.846,0.527,0.482,G,mcbrika01
172,Tiffany Travis,0.481,26,32,32,2000,22,CHA,32,12,0,574,70,158,58,133,12,25,21,28,24,57,81,26,31,4,32,74,173,0.443,0.436,0.48,0.75,0.508,0.481,F,traviti01
173,Cayla George,0.481,25,27,34,2015,26,PHO,34,2,0,433,67,157,50,97,17,60,19,22,26,81,107,25,13,22,27,70,170,0.427,0.515,0.283,0.864,0.51,0.481,C-F,francca01
174,Seimone Augustus,0.481,50,71,34,2006,22,MIN,34,34,1,1127,283,620,253,535,30,85,148,165,15,113,128,50,21,18,71,58,744,0.456,0.473,0.353,0.897,0.537,0.481,G-F,augusse01
175,Chelsea Gray,0.48,92,59,34,2015,22,CON,34,0,0,543,86,203,63,137,23,66,40,49,18,60,78,92,22,5,59,43,235,0.424,0.46,0.348,0.816,0.523,0.48,G,graych01
176,Amy Herrig,0.48,20,29,25,2000,23,UTA,25,0,0,341,36,75,36,74,0,1,19,31,26,33,59,20,7,5,29,41,91,0.48,0.486,0,0.613,0.513,0.48,C,herriam01
177,Christy Smith,0.48,71,48,24,1998,22,CHA,24,18,0,448,27,75,9,18,18,57,17,20,3,31,34,71,10,0,48,34,89,0.36,0.5,0.316,0.85,0.531,0.48,G,smithch08
178,Sylvia Crawley,0.48,34,88,31,2000,27,POR,31,30,0,930,143,298,143,296,0,2,71,102,64,121,185,34,29,24,88,96,357,0.48,0.483,0,0.696,0.521,0.48,F,crawlsy01
179,Naz Hillmon,0.48,41,40,34,2022,22,ATL,34,12,0,674,59,123,59,121,0,2,32,39,52,120,172,41,22,10,40,51,150,0.48,0.488,0,0.821,0.535,0.48,F,hillmna01
180,Stephanie Talbot,0.48,55,30,34,2017,23,PHO,34,24,0,609,51,123,35,81,16,42,30,46,29,62,91,55,24,9,30,66,148,0.415,0.432,0.381,0.652,0.517,0.48,F,talbost01
181,Murriel Page,0.479,40,57,30,1998,22,WAS,30,30,0,955,104,217,104,215,0,2,41,65,81,127,208,40,19,13,57,97,249,0.479,0.484,0,0.631,0.507,0.479,F,pagemu01
182,Christi Thomas,0.479,23,27,31,2004,21,LAS,31,8,0,547,66,143,61,132,5,11,28,41,43,77,120,23,18,14,27,80,165,0.462,0.462,0.455,0.683,0.512,0.479,F-C,thomach02
183,Maylana Martin,0.479,21,29,30,2000,22,MIN,30,13,0,456,54,118,49,99,5,19,19,32,25,42,67,21,17,13,29,81,132,0.458,0.495,0.263,0.594,0.5,0.479,C-F,martima02
184,Nadine Malcolm,0.479,26,48,31,2001,25,IND,31,23,0,705,90,212,67,156,23,56,54,62,32,60,92,26,13,3,48,75,257,0.425,0.429,0.411,0.871,0.537,0.479,F,malcona01
185,Sue Bird,0.479,191,109,32,2002,21,SEA,32,32,1,1121,151,375,94,233,57,142,102,112,17,66,83,191,55,3,109,48,461,0.403,0.403,0.401,0.911,0.543,0.479,G,birdsu01
186,Rhonda Blades,0.479,30,39,28,1997,24,NYL,28,0,0,290,25,70,8,16,17,54,13,20,6,15,21,30,14,1,39,55,80,0.357,0.5,0.315,0.65,0.508,0.479,G,bladerh01
187,Andrea Stinson,0.479,124,99,28,1997,29,CHA,28,28,0,1011,177,396,152,319,25,77,60,89,48,107,155,124,43,21,99,55,439,0.447,0.476,0.325,0.674,0.504,0.479,G,stinsan01
188,La'Keshia Frett,0.478,64,26,31,1999,24,LAS,31,18,0,658,77,161,77,161,0,0,34,43,48,46,94,64,9,5,26,42,188,0.478,0.478,,0.791,0.522,0.478,F,frettla01
189,Teresa Weatherspoon,0.478,173,94,28,1997,31,NYL,28,28,0,924,64,137,61,102,3,35,65,100,25,91,116,173,85,2,94,72,196,0.467,0.598,0.086,0.65,0.541,0.478,G,weathte01
190,Barbara Turner,0.478,48,47,34,2006,22,SEA,34,9,0,622,71,159,61,119,10,40,64,77,26,60,86,48,13,6,47,56,216,0.447,0.513,0.25,0.831,0.56,0.478,G-F,turneba01
191,Kalani Brown,0.478,17,29,28,2019,22,LAS,28,0,0,377,54,113,54,112,0,1,36,46,34,64,98,17,9,22,29,47,144,0.478,0.482,0,0.783,0.54,0.478,C,brownka01
192,Elena Delle Donne,0.478,53,39,30,2013,23,CHI,30,30,1,941,172,404,130,308,42,96,157,169,42,125,167,53,20,54,39,47,543,0.426,0.422,0.438,0.929,0.568,0.478,F-G,delleel01
193,Diana Taurasi,0.477,132,90,34,2004,22,PHO,34,34,0,1130,209,503,147,315,62,188,98,129,28,121,149,132,43,25,90,117,578,0.416,0.467,0.33,0.76,0.516,0.477,G,tauradi01
194,Tora Suber,0.477,56,51,28,1997,22,CHA,28,8,0,475,40,108,17,50,23,58,28,41,5,37,42,56,13,3,51,32,131,0.37,0.34,0.397,0.683,0.52,0.477,G,suberto01
195,Lisa Harrison,0.477,53,35,32,1999,28,PHO,32,23,0,828,81,171,80,161,1,10,30,44,47,83,130,53,23,5,35,65,193,0.474,0.497,0.1,0.682,0.507,0.477,F,harrili02
196,Jennifer Lacy,0.477,14,45,33,2006,23,PHO,33,3,0,504,61,128,61,124,0,4,40,58,42,60,102,14,12,12,45,102,162,0.477,0.492,0,0.69,0.528,0.477,F,lacyje01
197,Tina Thompson,0.476,32,62,28,1997,22,HOU,28,28,0,885,133,318,96,218,37,100,67,80,67,117,184,32,21,28,62,107,370,0.418,0.44,0.37,0.838,0.524,0.476,F,thompti01
198,Anna DeForge,0.476,47,33,27,2000,24,DET,27,10,0,433,51,126,33,70,18,56,25,32,9,38,47,47,27,4,33,34,145,0.405,0.471,0.321,0.781,0.518,0.476,G,deforan01
199,Bria Holmes,0.476,41,39,33,2016,22,ATL,33,10,0,702,91,209,74,147,17,62,48,62,24,61,85,41,30,5,39,26,247,0.435,0.503,0.274,0.774,0.523,0.476,G,holmebr01
200,Katie Smith,0.476,60,55,30,1999,25,MIN,30,29,0,971,113,292,61,156,52,136,72,94,42,46,88,60,19,10,55,106,350,0.387,0.391,0.382,0.766,0.525,0.476,G,smithka01
201,Erin Phillips,0.476,80,38,34,2006,21,CON,34,13,0,615,57,145,33,75,24,70,44,50,20,53,73,80,29,2,38,38,182,0.393,0.44,0.343,0.88,0.545,0.476,G,philler01
202,Diamond DeShields,0.476,74,70,34,2018,23,CHI,34,33,0,967,166,391,126,269,40,122,117,140,37,130,167,74,37,10,70,74,489,0.425,0.468,0.328,0.836,0.54,0.476,G,deshidi01
203,Toni Young,0.475,14,26,31,2013,22,NYL,31,10,0,344,58,122,58,121,0,1,12,18,24,34,58,14,9,10,26,57,128,0.475,0.479,0,0.667,0.493,0.475,F,youngto03
204,Ruth Riley,0.475,26,63,32,2001,21,MIA,32,20,0,799,77,162,77,162,0,0,64,83,51,79,130,26,25,46,63,107,218,0.475,0.475,,0.771,0.549,0.475,C,rileyru01
205,Clarissa Davis-Wrightsil,0.475,20,22,14,1999,32,PHO,14,9,0,259,52,120,42,87,10,33,16,24,15,23,38,20,12,4,22,39,130,0.433,0.483,0.303,0.667,0.498,0.475,F,daviscl01
206,Kia Nurse,0.475,54,30,34,2018,22,NYL,34,7,0,774,103,256,66,130,37,126,67,77,24,58,82,54,23,5,30,72,310,0.402,0.508,0.294,0.87,0.535,0.475,G,nurseki01
207,Destanni Henderson,0.475,89,60,36,2022,23,IND,36,5,0,589,71,177,45,106,26,71,23,32,27,30,57,89,27,3,60,32,191,0.401,0.425,0.366,0.719,0.5,0.475,G,hendede01
208,Cheryl Ford,0.474,27,79,32,2003,22,DET,32,32,1,956,128,270,128,270,0,0,88,129,99,235,334,27,32,31,79,109,344,0.474,0.474,,0.682,0.526,0.474,F,fordch02
209,Laura Harper,0.474,12,48,34,2008,22,SAC,34,1,0,560,64,135,64,135,0,0,60,103,68,69,137,12,15,20,48,80,188,0.474,0.474,,0.583,0.521,0.474,F-C,harpela01
210,Jordan Hooper,0.474,19,28,34,2014,22,TUL,34,1,0,646,68,192,22,52,46,140,15,21,23,58,81,19,12,7,28,46,197,0.354,0.423,0.329,0.714,0.489,0.474,F,hoopejo01
211,Michelle Snow,0.474,13,22,32,2002,22,HOU,32,2,0,480,45,96,44,94,1,2,34,57,31,88,119,13,12,26,22,59,125,0.469,0.468,0.5,0.596,0.516,0.474,C,snowmi01
212,Kym Hampton,0.474,38,49,28,1997,34,NYL,28,28,0,663,100,211,100,210,0,1,73,114,52,111,163,38,39,19,49,68,273,0.474,0.476,0,0.64,0.523,0.474,C,hamptky01
213,Katrina Colleton,0.472,45,35,28,1997,26,LAS,28,14,0,613,55,126,46,101,9,25,17,30,25,35,60,45,35,9,35,46,136,0.437,0.455,0.36,0.567,0.489,0.472,F,colleka01
214,Felicia Ragland,0.472,23,29,31,2002,22,SEA,31,3,0,432,48,125,26,70,22,55,23,28,27,21,48,23,27,1,29,44,141,0.384,0.371,0.4,0.821,0.513,0.472,G,raglafe01
215,Kedra Holland-Corn,0.472,51,72,32,1999,24,SAC,32,32,0,1034,123,321,66,154,57,167,76,108,24,44,68,51,62,10,72,100,379,0.383,0.429,0.341,0.704,0.514,0.472,G,hollake01
216,Kristi Harrower,0.471,52,31,30,1998,23,PHO,30,0,0,355,19,52,8,20,11,32,21,28,2,19,21,52,15,3,31,25,70,0.365,0.4,0.344,0.75,0.544,0.471,G,harrokr01
217,Epiphanny Prince,0.471,92,60,34,2010,22,CHI,34,2,0,665,117,274,93,203,24,71,76,97,14,54,68,92,55,5,60,67,334,0.427,0.458,0.338,0.784,0.527,0.471,G,princep01
218,Marla Brumfield,0.47,42,40,32,2000,22,MIN,32,17,0,613,47,101,46,92,1,9,29,42,22,38,60,42,22,2,40,70,124,0.465,0.5,0.111,0.69,0.519,0.47,G,brumfma01
219,Toni Foster,0.47,27,52,28,1997,25,PHO,28,28,0,736,94,201,93,195,1,6,57,81,64,106,170,27,53,21,52,77,246,0.468,0.477,0.167,0.704,0.52,0.47,F-C,fosteto01
220,Jackie Stiles,0.47,55,68,32,2001,22,POR,32,32,1,1023,156,385,106,269,50,116,116,149,24,53,77,55,24,3,68,75,478,0.405,0.394,0.431,0.779,0.53,0.47,G,stileja01
221,Dawn Staley,0.47,177,90,32,1999,29,CHA,32,32,0,1065,125,301,92,197,33,104,85,91,12,60,72,177,38,3,90,71,368,0.415,0.467,0.317,0.934,0.54,0.47,G,staleda01
222,Amber Holt,0.47,65,31,34,2008,23,CON,34,34,0,714,81,199,56,123,25,76,35,45,37,68,105,65,15,5,31,67,222,0.407,0.455,0.329,0.778,0.507,0.47,F,holtam01
223,Sophia Witherspoon,0.47,64,77,28,1997,27,NYL,28,28,0,867,140,345,96,219,44,126,83,111,30,54,84,64,49,7,77,62,407,0.406,0.438,0.349,0.748,0.517,0.47,G,witheso01
224,Shoni Schimmel,0.469,124,83,34,2014,22,ATL,34,2,1,725,104,278,51,123,53,155,21,25,18,58,76,124,26,3,83,38,282,0.374,0.415,0.342,0.84,0.488,0.469,G,schimsh01
225,Kathryn Westbeld,0.469,26,15,22,2025,29,PHO,22,22,0,503,55,147,27,58,28,89,15,18,18,52,70,26,25,18,15,44,153,0.374,0.466,0.315,0.833,0.494,0.469,F,westbka01
226,Kaila Charles,0.469,19,19,21,2020,22,CON,21,7,0,376,40,97,29,67,11,30,22,31,23,31,54,19,16,7,19,45,113,0.412,0.433,0.367,0.71,0.511,0.469,G-F,charlka01
227,Katy Steding,0.468,14,17,29,2000,32,SAC,29,0,0,309,36,95,19,42,17,53,2,7,11,28,39,14,11,10,17,22,91,0.379,0.452,0.321,0.286,0.464,0.468,F,stedika01
228,Shekinna Stricklen,0.468,40,35,34,2012,21,SEA,34,3,0,784,100,253,63,136,37,117,36,52,28,119,147,40,24,8,35,70,273,0.395,0.463,0.316,0.692,0.495,0.468,F,stricsh01
229,Megan Frazee,0.468,15,21,29,2009,22,SAS,29,0,0,326,52,126,38,89,14,37,27,39,27,57,84,15,8,5,21,43,145,0.413,0.427,0.378,0.692,0.506,0.468,F,frazeme01
230,Aneika Henry-Morello,0.468,15,28,34,2012,26,ATL,34,14,0,613,65,139,65,139,0,0,32,42,53,87,140,15,16,30,28,70,162,0.468,0.468,,0.762,0.514,0.468,F-C,henryan01
231,Tynesha Lewis,0.467,15,26,29,2001,22,HOU,29,4,0,419,39,92,31,72,8,20,11,17,20,41,61,15,11,4,26,26,97,0.424,0.431,0.4,0.647,0.488,0.467,G,lewisty01
232,NaLyssa Smith,0.467,45,76,32,2022,21,IND,32,32,0,983,160,382,123,285,37,97,76,123,70,183,253,45,15,8,76,93,433,0.419,0.432,0.381,0.618,0.496,0.467,F,smithna01
233,Wanda Guyton,0.467,12,43,25,1997,28,HOU,25,25,0,668,57,122,57,122,0,0,38,68,76,60,136,12,26,8,43,83,152,0.467,0.467,,0.559,0.5,0.467,C,guytowa01
234,Morgan Tuck,0.466,29,25,26,2016,22,CON,26,3,0,433,67,162,50,106,17,56,32,45,23,51,74,29,10,2,25,25,183,0.414,0.472,0.304,0.711,0.503,0.466,F,tuckmo01
235,La'Tangela Atkinson,0.466,22,34,33,2006,22,IND,33,1,0,419,38,87,33,70,5,17,18,39,25,51,76,22,18,5,34,31,99,0.437,0.471,0.294,0.462,0.475,0.466,G-F,atkinla01
236,Michelle Edwards,0.465,89,77,20,1997,31,CLE,20,14,0,622,76,170,70,145,6,25,45,86,13,57,70,89,35,3,77,40,203,0.447,0.483,0.24,0.523,0.488,0.465,G,edwarmi04
237,Moriah Jefferson,0.464,142,59,34,2016,22,SAS,34,34,0,1034,185,434,152,346,33,88,69,89,15,58,73,142,55,4,59,71,472,0.426,0.439,0.375,0.775,0.499,0.464,G,jeffemo01
238,Julie Vanloo,0.464,173,102,40,2024,31,WAS,40,34,0,926,106,306,34,84,72,222,10,15,5,60,65,173,19,1,102,86,294,0.346,0.405,0.324,0.667,0.47,0.464,G,vanloju01
239,Sharon Manning,0.464,13,29,28,1997,28,CHA,28,5,0,438,58,125,58,125,0,0,21,50,42,56,98,13,25,5,29,31,137,0.464,0.464,,0.42,0.466,0.464,F-C,mannish01
240,Jamie Redd,0.464,16,35,26,2000,22,SEA,26,8,0,387,49,125,31,73,18,52,24,34,18,27,45,16,19,1,35,53,140,0.392,0.425,0.346,0.706,0.5,0.464,F,reddja01
241,Pamela McGee,0.464,20,73,27,1997,34,SAC,27,23,0,691,102,222,100,215,2,7,79,112,54,66,120,20,27,14,73,113,285,0.459,0.465,0.286,0.705,0.525,0.464,F-C,mcgeepa01
242,LaToya Thomas,0.463,37,42,32,2003,21,CLE,32,25,0,852,137,296,137,290,0,6,71,90,63,101,164,37,28,13,42,62,345,0.463,0.472,0,0.789,0.514,0.463,F,thomala02
243,Jessie Hicks,0.463,10,12,26,1997,25,UTA,26,0,0,263,37,80,37,79,0,1,9,16,17,19,36,10,13,11,12,57,83,0.463,0.468,0,0.563,0.477,0.463,C-F,hicksje01
244,A'ja Wilson,0.462,74,47,33,2018,21,LVA,33,33,1,1010,245,530,245,530,0,0,192,248,66,198,264,74,27,55,47,68,682,0.462,0.462,,0.774,0.534,0.462,C,wilsoa01
245,Tanisha Wright,0.462,53,40,34,2005,21,SEA,34,8,0,528,49,106,49,105,0,1,24,36,20,37,57,53,18,3,40,60,122,0.462,0.467,0,0.667,0.501,0.462,G,wrighta01
246,Kara Braxton,0.462,14,52,33,2005,22,DET,33,2,0,455,97,210,97,209,0,1,33,60,42,58,100,14,18,13,52,78,227,0.462,0.464,0,0.55,0.48,0.462,C-F,braxtka01
247,Leilani Mitchell,0.462,97,39,34,2008,23,NYL,34,5,0,518,39,105,20,58,19,47,34,42,14,43,57,97,17,3,39,43,131,0.371,0.345,0.404,0.81,0.53,0.462,G,mitchle03
248,Latasha Byears,0.462,48,67,28,1997,23,SAC,28,19,0,656,96,209,95,204,1,5,51,69,87,106,193,48,39,8,67,98,244,0.459,0.466,0.2,0.739,0.51,0.462,G-F,byearla01
249,Kahleah Copper,0.462,23,33,30,2016,21,WAS,30,3,0,487,65,156,51,126,14,30,43,63,13,79,92,23,15,2,33,54,187,0.417,0.405,0.467,0.683,0.509,0.462,G-F,coppeka01
250,Marianna Tolo,0.462,29,27,28,2015,25,LAS,28,14,0,531,54,117,54,110,0,7,29,36,21,62,83,29,7,28,27,84,137,0.462,0.491,0,0.806,0.516,0.462,C,toloma01
251,Clarissa Dos Santos,0.461,22,38,31,2015,27,CHI,31,7,0,544,65,141,65,141,0,0,33,48,55,89,144,22,18,18,38,78,163,0.461,0.461,,0.688,0.503,0.461,C,dossacl01
252,Kelsey Bone,0.46,25,52,34,2013,21,NYL,34,2,0,663,99,215,99,214,0,1,36,57,73,112,185,25,12,12,52,87,234,0.46,0.463,0,0.632,0.487,0.46,C,boneke01
253,Kiki Iriafen,0.46,30,42,22,2025,21,WAS,22,22,1,588,99,215,99,213,0,2,64,83,61,125,186,30,15,3,42,73,262,0.46,0.465,0,0.771,0.521,0.46,F,iriafki01
254,Polina Tzekova,0.46,32,52,32,1999,31,HOU,32,32,0,778,76,177,65,133,11,44,31,40,54,109,163,32,13,19,52,118,194,0.429,0.489,0.25,0.775,0.498,0.46,C,tzekopo01
255,DeWanna Bonner,0.46,13,34,34,2009,21,PHO,34,0,0,724,127,278,125,265,2,13,125,154,70,126,196,13,23,25,34,70,381,0.457,0.472,0.154,0.812,0.551,0.46,G-F,bonnede01
256,Amanda Lassiter,0.46,34,36,32,2001,22,HOU,32,18,0,613,51,139,25,72,26,67,10,15,27,83,110,34,16,21,36,66,138,0.367,0.347,0.388,0.667,0.474,0.46,F,lassiam01
257,Jennifer Gillom,0.46,22,58,28,1997,33,PHO,28,28,0,874,163,376,143,312,20,64,94,121,44,106,150,22,36,15,58,93,440,0.434,0.458,0.313,0.777,0.513,0.46,F-C,gilloje01
258,Danielle Robinson,0.46,132,60,34,2011,22,SAS,34,9,0,786,98,213,98,212,0,1,84,93,24,55,79,132,28,4,60,76,280,0.46,0.462,0,0.903,0.551,0.46,G,robinda04
259,Vicky Bullett,0.458,65,68,28,1997,29,CHA,28,28,0,875,145,324,138,301,7,23,62,80,66,112,178,65,54,55,68,84,359,0.448,0.458,0.304,0.775,0.5,0.458,F,bullevi01
260,Anna Montanana,0.458,19,12,16,2009,28,MIN,16,1,0,169,14,36,9,21,5,15,2,2,15,11,26,19,9,0,12,17,35,0.389,0.429,0.333,1,0.475,0.458,F,montaan01
261,Janeth Arcain,0.458,45,67,28,1997,28,HOU,28,27,0,784,110,250,101,217,9,33,76,85,41,69,110,45,43,4,67,56,305,0.44,0.465,0.273,0.894,0.531,0.458,G,arcaija01
262,Candice Wiggins,0.457,90,57,30,2008,21,MIN,30,1,0,824,137,340,100,219,37,121,161,197,39,58,97,90,54,7,57,113,472,0.403,0.457,0.306,0.817,0.553,0.457,G,wiggica01
263,Kayla Pedersen,0.457,58,42,33,2011,22,TUL,33,20,0,784,80,199,58,131,22,68,43,54,25,95,120,58,35,12,42,79,225,0.402,0.443,0.324,0.796,0.505,0.457,F,pederka01
264,Jacy Sheldon,0.457,99,63,40,2024,23,DAL,40,26,0,931,81,210,51,113,30,97,25,27,27,55,82,99,23,12,63,101,217,0.386,0.451,0.309,0.926,0.489,0.457,G,sheldja01
265,Candice Dupree,0.457,60,60,34,2006,21,CHI,34,31,1,1034,186,407,186,402,0,5,95,122,55,133,188,60,43,25,60,72,467,0.457,0.463,0,0.779,0.507,0.457,F,dupreca01
266,Aerial Powers,0.457,35,51,32,2016,22,DAL,32,2,0,614,100,254,68,167,32,87,101,121,27,60,87,35,33,7,51,74,333,0.394,0.407,0.368,0.835,0.542,0.457,G,powerae01
267,Stacy Clinesmith,0.456,49,25,26,2000,22,SAC,26,2,0,285,20,57,8,16,12,41,14,17,7,23,30,49,12,1,25,19,66,0.351,0.5,0.293,0.824,0.512,0.456,G,clinest01
268,Simone Edwards,0.456,22,44,29,2000,26,SEA,29,7,0,645,83,182,83,182,0,0,50,80,38,69,107,22,16,10,44,57,216,0.456,0.456,,0.625,0.497,0.456,C,edwarsi01
269,Dana Evans,0.456,30,17,29,2021,22,CHIDAL,29,0,0,221,27,79,9,34,18,45,23,26,1,10,11,30,5,1,17,21,95,0.342,0.265,0.4,0.885,0.525,0.456,G,evansda03
270,Sandrine Gruda,0.455,28,41,31,2008,21,CON,31,1,0,476,81,178,81,178,0,0,31,57,44,66,110,28,19,26,41,56,193,0.455,0.455,,0.544,0.475,0.455,F-C,grudasa01
271,Odyssey Sims,0.454,142,71,34,2014,21,TUL,34,31,0,1169,201,495,154,359,47,136,120,143,28,68,96,142,44,10,71,87,569,0.406,0.429,0.346,0.839,0.51,0.454,G,simsod01
272,Lauren Cox,0.453,19,11,14,2020,22,IND,14,1,0,183,18,43,15,37,3,6,11,15,10,36,46,19,6,4,11,20,50,0.419,0.405,0.5,0.733,0.504,0.453,F,coxla01
273,Nia Clouden,0.453,21,12,28,2022,22,CON,28,0,0,250,18,53,6,24,12,29,10,17,2,21,23,21,6,1,12,26,58,0.34,0.25,0.414,0.588,0.479,0.453,G,cloudni01
274,Marta Xargay,0.453,48,42,20,2015,24,PHO,20,8,0,349,29,74,20,50,9,24,11,15,9,26,35,48,9,3,42,48,78,0.392,0.4,0.375,0.733,0.484,0.453,G,xargama01
275,Angel Goodrich,0.453,91,52,31,2013,23,TUL,31,16,0,680,58,137,50,105,8,32,12,22,14,43,57,91,38,2,52,35,136,0.423,0.476,0.25,0.545,0.464,0.453,G,goodran01
276,Brittney Sykes,0.452,65,58,34,2017,23,ATL,34,23,0,863,170,417,133,307,37,110,94,129,28,113,141,65,19,18,58,86,471,0.408,0.433,0.336,0.729,0.497,0.452,G,sykesbr01
277,Ukari Figgs,0.451,32,31,22,1999,22,LAS,22,10,0,330,30,82,16,35,14,47,21,24,8,27,35,32,15,0,31,27,95,0.366,0.457,0.298,0.875,0.513,0.451,G,figgsuk01
278,Kim Perrot,0.451,88,65,28,1997,30,HOU,28,24,0,692,59,162,31,63,28,99,15,37,18,57,75,88,69,2,65,53,161,0.364,0.492,0.283,0.405,0.452,0.451,G,perroki01
279,Agnieszka Bibrzycka,0.45,40,32,24,2004,21,SAS,24,9,0,465,55,151,29,67,26,84,23,26,5,23,28,40,21,7,32,38,159,0.364,0.433,0.31,0.885,0.489,0.45,G-F,bibrzag01
280,Bridgette Gordon,0.45,78,83,28,1997,30,SAC,28,28,0,981,135,312,124,272,11,40,84,107,67,68,135,78,39,9,83,58,365,0.433,0.456,0.275,0.785,0.508,0.45,F,gordobr01
281,Yvonne Turner,0.45,37,37,34,2017,29,PHO,34,4,0,434,66,161,53,107,13,54,29,38,12,21,33,37,19,1,37,38,174,0.41,0.495,0.241,0.763,0.49,0.45,G,turneyv01
282,Elena Baranova,0.45,62,82,28,1997,25,UTA,28,27,0,913,129,331,89,225,40,106,43,62,55,151,206,62,43,63,82,82,341,0.39,0.396,0.377,0.694,0.476,0.45,F,baranel01
283,Andrea Lloyd-Curry,0.45,91,62,32,1999,33,MIN,32,31,0,899,75,200,45,110,30,90,34,45,38,100,138,91,30,12,62,92,214,0.375,0.409,0.333,0.756,0.487,0.45,F,lloydan01
284,Sandy Brondello,0.45,98,64,30,1998,29,DET,30,28,0,993,157,367,141,323,16,44,96,104,18,69,87,98,38,1,64,58,426,0.428,0.437,0.364,0.923,0.516,0.45,G,brondsa01
285,Crystal Kelly,0.449,15,41,33,2008,21,SAC,33,4,0,551,62,138,62,137,0,1,119,140,47,62,109,15,18,5,41,61,243,0.449,0.453,0,0.85,0.609,0.449,F,kellycr01
286,Mery Andrade,0.449,48,40,32,1999,23,CLE,32,1,0,364,23,59,16,35,7,24,18,26,15,35,50,48,18,4,40,73,71,0.39,0.457,0.292,0.692,0.504,0.449,F,andrame02
287,Keisha Anderson,0.449,75,47,30,2000,26,WAS,30,9,0,434,29,68,26,60,3,8,14,18,12,34,46,75,25,3,47,53,75,0.426,0.433,0.375,0.778,0.494,0.449,G,anderke03
288,LaTonya Johnson,0.448,20,42,28,1998,22,UTA,28,8,0,490,58,145,44,96,14,49,21,34,14,40,54,20,11,1,42,42,151,0.4,0.458,0.286,0.618,0.472,0.448,F,johnsla05
289,Diamond Miller,0.448,80,73,32,2023,22,MIN,32,32,0,834,140,347,109,246,31,101,76,96,22,91,113,80,30,11,73,81,387,0.403,0.443,0.307,0.792,0.497,0.448,F,milledi03
290,Sheri Sam,0.448,77,64,32,1999,25,ORL,32,32,0,1088,134,345,93,220,41,125,55,80,39,107,146,77,41,9,64,112,364,0.388,0.423,0.328,0.688,0.479,0.448,G-F,samsh01
291,Lisa Leslie,0.447,74,109,28,1997,24,LAS,28,28,0,902,160,371,148,325,12,46,113,189,63,203,266,74,39,59,109,99,445,0.431,0.455,0.261,0.598,0.49,0.447,C,leslili01
292,Victoria Dunlap,0.447,11,15,26,2011,21,WAS,26,3,0,219,25,57,24,55,1,2,8,17,17,26,43,11,18,5,15,19,59,0.439,0.436,0.5,0.471,0.458,0.447,F,dunlavi01
293,Jazmine Jones,0.447,45,57,20,2020,23,NYL,20,2,0,428,69,171,54,126,15,45,63,80,18,63,81,45,28,9,57,59,216,0.404,0.429,0.333,0.788,0.524,0.447,G,jonesja07
294,Alex Bentley,0.447,95,39,34,2013,22,ATL,34,10,0,753,113,284,85,199,28,85,27,38,11,37,48,95,34,3,39,77,281,0.398,0.427,0.329,0.711,0.467,0.447,G,bentlal01
295,Gabby Williams,0.447,56,38,34,2018,21,CHI,34,30,0,781,102,236,95,210,7,26,36,46,42,104,146,56,56,8,38,66,247,0.432,0.452,0.269,0.783,0.482,0.447,F,williga02
296,Linnae Harper,0.447,24,10,24,2018,23,CHI,24,0,0,146,19,47,15,34,4,13,6,10,4,14,18,24,5,1,10,15,48,0.404,0.441,0.308,0.6,0.467,0.447,G,harpeli01
297,Cameron Brink,0.447,25,34,15,2024,22,LAS,15,15,0,329,41,103,31,72,10,31,21,25,18,62,80,25,16,35,34,60,113,0.398,0.431,0.323,0.84,0.496,0.447,F,brinkca01
298,Kaleena Mosqueda-Lewis,0.447,17,21,27,2015,21,SEA,27,0,0,333,62,159,44,95,18,64,14,16,5,19,24,17,6,2,21,26,156,0.39,0.463,0.281,0.875,0.47,0.447,F,mosquka01
299,Teresa Edwards,0.446,148,92,34,2003,38,MIN,34,34,0,854,63,168,39,88,24,80,31,40,24,81,105,148,41,11,92,60,181,0.375,0.443,0.3,0.775,0.488,0.446,G-F,edwarte01
300,Adrienne Shuler,0.446,48,41,25,1998,29,WAS,25,12,0,363,31,84,18,46,13,38,14,17,12,40,52,48,23,3,41,52,89,0.369,0.391,0.342,0.824,0.486,0.446,G,shulead01
301,Alana Beard,0.446,91,80,34,2004,22,WAS,34,34,0,1025,159,380,138,324,21,56,107,149,28,115,143,91,69,34,80,98,446,0.418,0.426,0.375,0.718,0.5,0.446,G-F,beardal02
302,Emma Meesseman,0.446,42,29,34,2013,20,WAS,34,1,0,498,66,148,66,146,0,2,17,21,40,66,106,42,19,24,29,54,149,0.446,0.452,0,0.81,0.474,0.446,F,meessem01
303,Grace Daley,0.446,57,50,30,2000,22,MIN,30,4,0,577,57,147,40,91,17,56,42,65,32,40,72,57,12,0,50,49,173,0.388,0.44,0.304,0.646,0.493,0.446,G,daleygr01
304,Belinda Snell,0.445,18,11,20,2005,24,PHO,20,0,0,227,19,55,8,18,11,37,16,18,19,17,36,18,7,1,11,31,65,0.345,0.444,0.297,0.889,0.517,0.445,G,snellbe01
305,Rhyne Howard,0.445,96,53,34,2022,22,ATL,34,34,1,1066,184,509,99,261,85,248,99,125,27,127,154,96,54,26,53,87,552,0.361,0.379,0.343,0.792,0.489,0.445,G,howarrh01
306,Scholanda Dorrell,0.445,17,39,33,2006,23,SAC,33,21,0,498,64,172,39,87,25,85,18,22,9,27,36,17,29,4,39,43,171,0.372,0.448,0.294,0.818,0.471,0.445,G,dorresc01
307,Heidi Burge,0.444,15,25,22,1997,25,LAS,22,6,0,282,32,72,32,68,0,4,23,45,23,46,69,15,12,12,25,52,87,0.444,0.471,0,0.511,0.474,0.444,F-C,burgehe01
308,Kennedy Burke,0.444,22,21,31,2019,22,IND,31,7,0,423,45,117,31,77,14,40,31,44,18,27,45,22,18,10,21,30,135,0.385,0.403,0.35,0.705,0.495,0.444,G-F,burkeke01
309,Aziaha James,0.444,40,23,19,2025,22,DAL,19,6,0,382,53,142,33,84,20,58,32,38,15,39,54,40,14,5,23,25,158,0.373,0.393,0.345,0.842,0.498,0.444,G,jamesaz01
310,K.B. Sharp,0.444,37,26,30,2003,22,NYL,30,0,0,398,28,71,21,47,7,24,31,39,11,21,32,37,14,0,26,15,94,0.394,0.447,0.292,0.795,0.533,0.444,G,sharpkb01
311,Natasha Howard,0.443,21,52,34,2014,22,IND,34,15,0,576,98,221,98,220,0,1,41,69,52,52,104,21,26,23,52,87,237,0.443,0.445,0,0.594,0.471,0.443,F,howarna01
312,Andrea Nagy,0.443,146,83,32,1999,27,WAS,32,32,0,947,54,132,45,99,9,33,45,59,11,67,78,146,31,3,83,111,162,0.409,0.455,0.273,0.763,0.513,0.443,G,nagyan01
313,Nikki McCray,0.443,90,125,29,1998,26,WAS,29,28,0,969,191,457,168,384,23,73,107,143,34,51,85,90,43,2,125,81,512,0.418,0.438,0.315,0.748,0.492,0.443,G,mccrani01
314,Sophie Cunningham,0.443,25,20,32,2019,22,PHO,32,5,0,389,28,79,14,33,14,46,30,34,6,39,45,25,11,4,20,53,100,0.354,0.424,0.304,0.882,0.532,0.443,G,cunniso01
315,Edniesha Curry,0.443,24,15,20,2003,23,PHO,20,0,0,205,13,35,8,13,5,22,2,3,1,10,11,24,9,0,15,25,33,0.371,0.615,0.227,0.667,0.454,0.443,G,curryed03
316,Chamique Holdsclaw,0.443,74,108,31,1999,21,WAS,31,30,1,1061,202,462,197,433,5,29,116,150,74,172,246,74,37,27,108,67,525,0.437,0.455,0.172,0.773,0.497,0.443,F,holdsch01
317,Stephanie Raymond,0.443,27,18,20,2007,22,CHI,20,0,0,180,20,61,6,17,14,44,7,13,2,12,14,27,4,0,18,11,61,0.328,0.353,0.318,0.538,0.457,0.443,G,raymost01
318,Suzy Batkovic-Brown,0.443,26,32,29,2005,24,SEA,29,0,0,461,76,174,74,167,2,7,45,58,26,68,94,26,17,24,32,85,199,0.437,0.443,0.286,0.776,0.499,0.443,C,batkosu01
319,Queen Egbo,0.442,31,64,33,2022,22,IND,33,31,0,720,95,215,95,215,0,0,49,76,61,148,209,31,30,40,64,98,239,0.442,0.442,,0.645,0.481,0.442,F-C,egboqu01
320,Nicole Ohlde,0.442,60,74,34,2004,22,MIN,34,34,0,1018,136,308,136,306,0,2,125,177,83,111,194,60,16,45,74,103,397,0.442,0.444,0,0.706,0.514,0.442,F-C,ohldeni01
321,Adrienne Goodson,0.441,87,98,32,1999,32,UTA,32,31,0,1068,182,427,169,374,13,53,99,129,71,67,138,87,27,8,98,76,476,0.426,0.452,0.245,0.767,0.492,0.441,F,goodsad01
322,Monique Billings,0.441,12,14,32,2018,22,ATL,32,0,0,353,41,93,41,93,0,0,24,32,37,51,88,12,14,1,14,37,106,0.441,0.441,,0.75,0.495,0.441,F,billimo01
323,Arike Ogunbowale,0.44,106,68,33,2019,22,DAL,33,28,0,1059,214,551,157,389,57,162,145,178,20,60,80,106,35,1,68,85,630,0.388,0.404,0.352,0.815,0.501,0.44,G,ogunbar01
324,Chasity Melvin,0.44,38,42,32,1999,23,CLE,32,9,0,709,95,217,94,216,1,1,68,98,53,74,127,38,20,22,42,93,259,0.438,0.435,1,0.694,0.498,0.44,C-F,melvich01
325,Judy Mosley-McAfee,0.44,10,24,13,1997,29,SAC,13,9,0,265,22,50,22,50,0,0,11,11,24,23,47,10,8,2,24,30,55,0.44,0.44,,1,0.501,0.44,F,mosleju01
326,Alyssa Thomas,0.44,51,58,34,2014,22,CON,34,28,0,927,127,291,125,285,2,6,87,115,63,110,173,51,35,6,58,70,343,0.436,0.439,0.333,0.757,0.502,0.44,F,thomaal01
327,Emily Engstler,0.44,51,48,35,2022,22,IND,35,6,0,638,72,182,56,137,16,45,21,38,72,109,181,51,27,40,48,110,181,0.396,0.409,0.356,0.553,0.455,0.44,F,engstem01
328,Kelly Faris,0.439,16,15,24,2013,22,CON,24,3,0,338,18,49,11,24,7,25,7,9,12,41,53,16,7,5,15,32,50,0.367,0.458,0.28,0.778,0.472,0.439,G,fariske01
329,Keisha Hampton,0.439,10,10,27,2016,26,MIN,27,0,0,183,19,57,7,21,12,36,20,23,5,5,10,10,8,3,10,24,70,0.333,0.333,0.333,0.87,0.521,0.439,F,hamptke01
330,Summer Erb,0.438,10,17,29,2000,22,CHA,29,0,0,275,32,73,32,72,0,1,28,43,26,37,63,10,8,6,17,68,92,0.438,0.444,0,0.651,0.5,0.438,C,erbsu01
331,Nicky Anosike,0.438,45,42,34,2008,22,MIN,34,34,0,920,99,226,99,225,0,1,116,166,78,153,231,45,75,43,42,125,314,0.438,0.44,0,0.699,0.525,0.438,F-C,anosini01
332,Astou Ndiaye-Diatta,0.438,17,32,31,1999,25,DET,31,1,0,438,70,160,70,159,0,1,24,39,25,74,99,17,11,18,32,51,164,0.438,0.44,0,0.615,0.463,0.438,F,ndiayas01
333,Jennifer Rizzotti,0.438,19,16,25,1999,25,HOU,25,0,0,242,14,40,7,14,7,26,7,12,2,25,27,19,18,1,16,21,42,0.35,0.5,0.269,0.583,0.464,0.438,G,rizzoje01
334,Tamika Whitmore,0.438,18,56,27,1999,22,NYL,27,1,0,573,80,184,79,176,1,8,53,78,43,53,96,18,16,6,56,78,214,0.435,0.449,0.125,0.679,0.49,0.438,F,whitmta01
335,Edna Campbell,0.437,37,48,28,1999,30,PHO,28,24,0,750,95,261,57,160,38,101,40,56,11,42,53,37,25,10,48,53,268,0.364,0.356,0.376,0.714,0.469,0.437,G,campbed01
336,Briana Gilbreath-Butler,0.437,12,14,11,2012,21,PHO,11,2,0,258,24,71,10,34,14,37,15,19,14,26,40,12,5,5,14,15,77,0.338,0.294,0.378,0.789,0.485,0.437,G,gilbrbr01
337,Penny Toler,0.436,143,107,28,1997,31,LAS,28,28,0,907,144,338,137,300,7,38,73,87,25,69,94,143,36,3,107,66,368,0.426,0.457,0.184,0.839,0.489,0.436,G,tolerpe01
338,Tiffany Hayes,0.435,73,51,34,2012,22,ATL,34,17,0,787,90,231,69,154,21,77,92,117,24,81,105,73,28,12,51,89,293,0.39,0.448,0.273,0.786,0.519,0.435,G,hayesti01
339,Michelle Marciniak,0.435,73,67,32,2000,26,POR,32,0,0,537,58,154,40,100,18,54,43,75,11,48,59,73,37,6,67,79,177,0.377,0.4,0.333,0.573,0.473,0.435,G,marcimi01
340,Shay Murphy,0.434,17,20,32,2007,22,MIN,32,0,0,436,54,145,36,79,18,66,39,46,50,54,104,17,19,8,20,48,165,0.372,0.456,0.273,0.848,0.499,0.434,G,murphsh01
341,Bria Hartley,0.434,105,85,34,2014,21,WAS,34,29,0,921,116,305,83,204,33,101,64,82,19,53,72,105,24,2,85,60,329,0.38,0.407,0.327,0.78,0.482,0.434,G,hartlbr01
342,Courtney Williams,0.434,30,21,25,2016,22,CONPHO,25,0,0,351,68,166,60,139,8,27,12,21,28,48,76,30,12,3,21,30,156,0.41,0.432,0.296,0.571,0.445,0.434,G,willico03
343,Korie Hlede,0.433,73,88,27,1998,23,DET,27,27,0,912,135,345,106,271,29,74,83,103,39,102,141,73,21,1,88,66,382,0.391,0.391,0.392,0.806,0.489,0.433,G,hledeko01
344,Olympia Scott,0.433,22,49,29,1998,22,UTA,29,1,0,466,58,135,57,130,1,5,37,65,37,48,85,22,24,10,49,78,154,0.43,0.438,0.2,0.569,0.471,0.433,C,scottol01
345,Shaunzinski Gortman,0.433,21,25,29,2002,22,MIN,29,2,0,369,35,97,21,54,14,43,7,9,16,45,61,21,13,6,25,42,91,0.361,0.389,0.326,0.778,0.451,0.433,G,gortmsh01
346,Kerri Gardin,0.432,41,45,34,2008,24,CON,34,15,0,540,47,133,26,77,21,56,22,41,38,73,111,41,29,7,45,56,137,0.353,0.338,0.375,0.537,0.454,0.432,F,gardike01
347,Kate Martin,0.432,30,21,34,2024,24,LVA,34,2,0,392,27,88,5,26,22,62,11,12,6,48,54,30,7,8,21,29,87,0.307,0.192,0.355,0.917,0.466,0.432,G,martika01
348,Kelsey Mitchell,0.432,92,66,34,2018,22,IND,34,17,0,829,142,410,72,201,70,209,78,97,9,51,60,92,23,4,66,82,432,0.346,0.358,0.335,0.804,0.477,0.432,G,mitchke01
349,Tamara Moore,0.431,88,85,31,2002,22,MIAMIN,31,23,0,736,71,197,43,120,28,77,54,63,23,60,83,88,30,9,85,81,224,0.36,0.358,0.364,0.857,0.498,0.431,G,mooreta01
350,Kaela Davis,0.431,33,50,33,2017,22,DAL,33,0,0,511,68,175,53,140,15,35,49,65,10,36,46,33,16,3,50,56,200,0.389,0.379,0.429,0.754,0.491,0.431,F,daviska01
351,Maggie Lucas,0.431,20,11,30,2014,22,IND,30,0,0,310,34,102,14,37,20,65,22,23,3,23,26,20,8,5,11,36,110,0.333,0.378,0.308,0.957,0.491,0.431,G,lucasma02
352,Penny Taylor,0.431,44,38,32,2001,20,CLE,32,0,0,561,86,225,64,152,22,73,36,46,36,76,112,44,35,11,38,46,230,0.382,0.421,0.301,0.783,0.469,0.431,F,taylope01
353,Kate Paye,0.431,38,28,28,2000,26,MIN,28,12,0,408,19,58,7,17,12,41,6,9,3,27,30,38,8,6,28,49,56,0.328,0.412,0.293,0.667,0.452,0.431,G,payeka01
354,Marissa Coleman,0.431,22,34,28,2009,22,WAS,28,0,0,525,54,159,25,79,29,80,34,45,22,54,76,22,20,9,34,44,171,0.34,0.316,0.363,0.756,0.478,0.431,G-F,colemma05
355,Nykesha Sales,0.431,91,69,32,1999,23,ORL,32,32,1,1039,153,397,117,288,36,109,95,118,44,91,135,91,69,8,69,97,437,0.385,0.406,0.33,0.805,0.487,0.431,F-G,salesny01
356,Kiara Leslie,0.431,20,18,19,2020,24,WAS,19,10,0,414,38,108,21,61,17,47,12,13,15,42,57,20,9,7,18,27,105,0.352,0.344,0.362,0.923,0.462,0.431,G,lesliki01
357,LaToya Bond,0.43,73,80,34,2006,22,CHA,34,5,0,608,63,158,53,112,10,46,57,77,7,42,49,73,35,8,80,83,193,0.399,0.473,0.217,0.74,0.503,0.43,G,bondla01
358,Janelle Salaün,0.43,15,20,14,2025,23,GSV,14,11,0,319,49,136,30,76,19,60,19,22,15,53,68,15,6,1,20,29,136,0.36,0.395,0.317,0.864,0.467,0.43,F,salauja01
359,Francesca Zara,0.429,51,41,34,2005,28,SEA,34,4,0,413,34,85,29,63,5,22,17,21,11,28,39,51,16,1,41,29,90,0.4,0.46,0.227,0.81,0.478,0.429,G,zarafr01
360,Janice Braxton,0.429,49,53,25,1997,35,CLE,25,24,0,822,88,211,83,201,5,10,106,138,38,151,189,49,36,28,53,64,287,0.417,0.413,0.5,0.768,0.528,0.429,F,braxtja01
361,Tonya Edwards,0.429,84,68,32,1999,31,MIN,32,32,1,1031,165,462,99,270,66,192,79,98,15,97,112,84,27,13,68,104,475,0.357,0.367,0.344,0.806,0.47,0.429,G,edwarto01
362,Texlin Quinney,0.429,15,10,17,2000,25,IND,17,0,0,118,6,14,6,14,0,0,3,5,11,5,16,15,4,0,10,12,15,0.429,0.429,,0.6,0.463,0.429,F,quinnte01
363,Courtney Vandersloot,0.428,127,92,34,2011,22,CHI,34,26,1,777,84,215,68,156,16,59,36,47,5,62,67,127,24,13,92,86,220,0.391,0.436,0.271,0.766,0.467,0.428,G,vandeco01
364,Shatori Walker-Kimbrough,0.428,12,17,27,2017,22,WAS,27,8,0,336,36,97,25,64,11,33,35,41,7,23,30,12,15,4,17,26,118,0.371,0.391,0.333,0.854,0.513,0.428,G,walkesh01
365,Jewell Loyd,0.428,66,68,34,2015,21,SEA,34,23,0,882,125,304,115,256,10,48,104,115,33,86,119,66,19,8,68,53,364,0.411,0.449,0.208,0.904,0.513,0.428,G,loydje01
366,Jocelyn Willoughby,0.427,20,32,22,2020,22,NYL,22,5,0,383,39,109,24,72,15,37,35,42,15,38,53,20,15,6,32,50,128,0.358,0.333,0.405,0.833,0.502,0.427,F-G,willojo01
367,Dena Head,0.426,46,61,27,1997,26,UTA,27,4,0,471,53,136,43,104,10,32,38,45,22,41,63,46,14,8,61,45,154,0.39,0.413,0.313,0.844,0.494,0.426,G,headde01
368,Swin Cash,0.426,86,100,32,2002,22,DET,32,32,0,1079,144,353,131,290,13,63,173,227,77,145,222,86,37,31,100,85,474,0.408,0.452,0.206,0.762,0.523,0.426,F,cashsw01
369,Adia Barnes,0.426,22,53,29,1998,21,SAC,29,16,0,619,88,223,74,176,14,47,29,39,35,49,84,22,15,10,53,70,219,0.395,0.42,0.298,0.744,0.456,0.426,F,barnead01
370,Katie Douglas,0.426,39,44,22,2001,22,ORL,22,0,0,439,51,141,33,84,18,57,34,47,16,35,51,39,37,7,44,34,154,0.362,0.393,0.316,0.723,0.476,0.426,G-F,douglka01
371,Annie La Fleur,0.425,36,20,25,1999,30,MIN,25,0,0,333,23,67,12,42,11,25,2,8,14,24,38,36,8,0,20,19,59,0.343,0.286,0.44,0.25,0.418,0.425,G,burgean01
372,Svetlana Abrosimova,0.425,53,85,26,2001,20,MIN,26,23,0,846,115,294,95,217,20,77,96,132,43,131,174,53,42,9,85,70,346,0.391,0.438,0.26,0.727,0.491,0.425,F,abrossv01
373,Allisha Gray,0.425,45,42,34,2017,22,DAL,34,34,0,924,150,394,115,277,35,117,106,132,55,79,134,45,52,20,42,71,441,0.381,0.415,0.299,0.803,0.488,0.425,G,grayal01
374,Sydney Colson,0.425,10,17,16,2011,21,NYL,16,0,0,86,7,20,4,13,3,7,5,6,0,6,6,10,4,2,17,9,22,0.35,0.308,0.429,0.833,0.486,0.425,G,colsosy01
375,Tamicha Jackson,0.425,36,21,17,2000,22,DET,17,0,0,267,41,106,33,74,8,32,26,35,8,17,25,36,22,0,21,30,116,0.387,0.446,0.25,0.743,0.478,0.425,G,jacksta04
376,Evina Westbrook,0.425,23,15,20,2022,23,MINWAS,20,2,0,205,20,53,15,33,5,20,11,15,1,19,20,23,8,7,15,18,56,0.377,0.455,0.25,0.733,0.47,0.425,G,westbev01
377,Carolyn Young,0.424,15,27,23,2001,31,POR,23,1,0,279,37,99,27,65,10,34,27,37,10,24,34,15,14,1,27,27,111,0.374,0.415,0.294,0.73,0.481,0.424,G,youngca01
378,Kylee Shook,0.424,11,20,20,2020,22,NYL,20,0,0,290,32,79,29,62,3,17,14,17,15,41,56,11,7,10,20,26,81,0.405,0.468,0.176,0.824,0.468,0.424,C,shookky01
379,Megan Duffy,0.424,36,24,31,2006,21,MIN,31,0,0,389,33,92,21,55,12,37,27,39,10,19,29,36,9,0,24,37,105,0.359,0.382,0.324,0.692,0.481,0.424,G,duffyme01
380,Camille Smith,0.424,23,40,34,2007,22,SAS,34,7,0,711,54,131,51,120,3,11,21,40,57,95,152,23,30,11,40,70,132,0.412,0.425,0.273,0.525,0.444,0.424,F,littlca01
381,Marina Mabrey,0.424,30,24,31,2019,22,LAS,31,0,0,355,45,131,24,54,21,77,14,16,6,32,38,30,19,7,24,23,125,0.344,0.444,0.273,0.875,0.453,0.424,G,mabrema01
382,Cintia dos Santos,0.423,38,54,32,2000,25,ORL,32,31,0,820,94,222,94,221,0,1,40,57,35,89,124,38,16,63,54,111,228,0.423,0.425,0,0.702,0.461,0.423,C,dossaci01
383,Chelsea Newton,0.423,55,37,34,2005,22,SAC,34,34,0,715,60,149,54,124,6,25,22,36,32,34,66,55,24,9,37,102,148,0.403,0.435,0.24,0.611,0.449,0.423,G,newtoch01
384,Shavonte Zellous,0.423,62,77,34,2009,22,DET,34,4,0,802,118,297,103,248,15,49,155,181,25,81,106,62,27,17,77,111,406,0.397,0.415,0.306,0.856,0.539,0.423,G,zellosh01
385,Michelle Cleary,0.422,77,14,24,2000,25,PHO,24,7,0,509,14,45,4,15,10,30,19,27,12,25,37,77,34,2,14,36,59,0.311,0.267,0.333,0.704,0.519,0.422,G,clearmi01
386,Danielle McCulley,0.422,19,37,29,2000,25,IND,29,2,0,456,63,153,60,136,3,17,46,63,45,37,82,19,16,22,37,63,175,0.412,0.441,0.176,0.73,0.484,0.422,C-F,mcculda01
387,Rebekkah Brunson,0.421,19,29,34,2004,22,SAC,34,1,0,494,59,140,59,140,0,0,33,46,42,80,122,19,23,13,29,48,151,0.421,0.421,,0.717,0.471,0.421,F,brunsre01
388,Tiffany Woosley,0.42,29,30,26,1997,24,HOU,26,4,0,397,29,88,13,38,16,50,2,8,8,20,28,29,18,1,30,19,76,0.33,0.342,0.32,0.25,0.415,0.42,G,wooslti01
389,Robin Threatt-Elliott,0.42,18,30,20,2000,29,SEA,20,7,0,377,60,157,48,120,12,37,23,35,10,22,32,18,13,3,30,36,155,0.382,0.4,0.324,0.657,0.45,0.42,G,threaro01
390,Saniya Rivers,0.42,60,33,20,2025,22,CON,20,17,0,551,64,169,50,112,14,57,23,33,15,48,63,60,35,19,33,37,165,0.379,0.446,0.246,0.697,0.45,0.42,G,riversa01
391,Shenise Johnson,0.42,46,37,34,2012,21,SAS,34,1,0,581,68,187,47,136,21,51,35,41,55,76,131,46,27,6,37,50,192,0.364,0.346,0.412,0.854,0.468,0.42,G,johnssh02
392,Shalee Lehning,0.419,127,54,34,2009,22,ATL,34,20,0,707,36,93,30,63,6,30,24,31,19,60,79,127,18,3,54,44,102,0.387,0.476,0.2,0.774,0.478,0.419,G,lehnish01
393,Tayler Hill,0.419,51,38,34,2013,22,WAS,34,7,0,593,63,192,28,87,35,105,59,70,8,50,58,51,23,3,38,30,220,0.328,0.322,0.333,0.843,0.494,0.419,G,hillta01
394,Michele Timms,0.419,135,80,27,1997,32,PHO,27,27,0,966,99,295,50,153,49,142,79,104,23,76,99,135,71,3,80,95,326,0.336,0.327,0.345,0.76,0.478,0.419,G,timmsmi01
395,Shameka Christon,0.418,23,32,33,2004,22,NYL,33,4,0,560,67,189,43,107,24,82,33,51,19,49,68,23,9,9,32,71,191,0.354,0.402,0.293,0.647,0.452,0.418,G,chrissh01
396,Brittany Boyd,0.417,70,48,30,2015,22,NYL,30,4,0,430,59,151,51,121,8,30,72,101,17,64,81,70,35,2,48,58,198,0.391,0.421,0.267,0.713,0.507,0.417,G,boydbr01
397,Kayla Alexander,0.417,10,35,33,2013,22,SAS,33,1,0,371,35,84,35,84,0,0,22,30,43,56,99,10,4,14,35,46,92,0.417,0.417,,0.733,0.473,0.417,C,alexaka01
398,Saniya Chong,0.417,34,25,33,2017,23,DAL,33,0,0,364,28,78,19,40,9,38,25,29,9,21,30,34,22,3,25,19,90,0.359,0.475,0.237,0.862,0.496,0.417,G,chongsa01
399,Nadirah McKenith,0.417,33,22,32,2013,21,WAS,32,0,0,282,29,78,22,56,7,22,25,34,4,32,36,33,19,2,22,21,90,0.372,0.393,0.318,0.735,0.484,0.417,G,mckenna01
400,Kelsey Plum,0.417,106,79,31,2017,22,SAS,31,23,0,711,85,246,50,150,35,96,60,69,12,47,59,106,16,4,79,57,265,0.346,0.333,0.365,0.87,0.479,0.417,G,plumke01
401,Amanda Zahui B.,0.417,10,20,31,2015,21,TUL,31,0,0,300,39,108,27,72,12,36,15,20,26,49,75,10,7,19,20,58,105,0.361,0.375,0.333,0.75,0.449,0.417,C,zahuiam01
402,Lauren Jackson,0.416,44,53,29,2001,20,SEA,29,29,1,1001,149,406,109,277,40,129,104,143,57,136,193,44,54,64,53,97,442,0.367,0.394,0.31,0.727,0.471,0.416,F-C,jacksla04
403,Sophia Young-Malcolm,0.416,50,45,34,2006,22,SAS,34,34,1,1057,154,370,154,366,0,4,100,137,85,172,257,50,57,13,45,70,408,0.416,0.421,0,0.73,0.474,0.416,F,youngso01
404,Tiffany Jackson-Jones,0.416,19,49,34,2007,22,NYL,34,0,0,474,64,154,64,154,0,0,45,79,31,73,104,19,23,12,49,66,173,0.416,0.416,,0.57,0.458,0.416,F,jacksti02
405,Mwadi Mabika,0.415,22,27,21,1997,20,LAS,21,1,0,325,53,136,46,98,7,38,13,24,22,32,54,22,23,6,27,48,126,0.39,0.469,0.184,0.542,0.43,0.415,G,mabikmw01
406,Ramu Tokashiki,0.415,24,26,30,2015,24,SEA,30,16,0,618,98,236,98,234,0,2,50,58,21,77,98,24,7,27,26,60,246,0.415,0.419,0,0.862,0.47,0.415,F,tokasra01
407,Sarah Ashlee Barker,0.414,22,32,21,2025,23,LAS,21,7,0,365,24,76,9,28,15,48,14,18,7,46,53,22,10,4,32,38,77,0.316,0.321,0.313,0.778,0.459,0.414,G,barkesa01
408,Alexis Jones,0.414,23,21,29,2017,23,MIN,29,0,0,211,26,76,15,47,11,29,12,14,4,18,22,23,8,0,21,23,75,0.342,0.319,0.379,0.857,0.456,0.414,G,jonesal04
409,Jade Melbourne,0.414,35,26,29,2023,20,SEA,29,0,0,307,25,64,22,44,3,20,23,29,6,28,34,35,12,1,26,46,76,0.391,0.5,0.15,0.793,0.495,0.414,G,melboja01
410,Sonja Petrovic,0.414,31,39,30,2012,23,CHI,30,2,0,453,54,151,37,90,17,61,20,26,13,55,68,31,15,15,39,42,145,0.358,0.411,0.279,0.769,0.446,0.414,F,petroso01
411,Aari McDonald,0.414,59,35,30,2021,22,ATL,30,4,0,493,56,174,24,70,32,104,45,51,9,40,49,59,25,5,35,53,189,0.322,0.343,0.308,0.882,0.481,0.414,G,mcdonaa01
412,Shyra Ely-Gash,0.413,27,33,31,2005,21,SAS,31,11,0,528,50,132,41,101,9,31,30,39,11,51,62,27,7,4,33,42,139,0.379,0.406,0.29,0.769,0.466,0.413,F,elysh01
413,Tiffany Mitchell,0.413,48,55,34,2016,21,IND,34,8,0,681,87,241,62,156,25,85,92,101,15,43,58,48,30,3,55,85,291,0.361,0.397,0.294,0.911,0.51,0.413,G,mitchti01
414,Brandi McCain,0.413,41,34,31,2002,22,CLE,31,2,0,392,25,86,4,28,21,58,12,16,4,22,26,41,11,3,34,29,83,0.291,0.143,0.362,0.75,0.446,0.413,G,mccaibr01
415,Merlakia Jones,0.413,25,54,28,1997,24,CLE,28,1,0,589,92,229,87,217,5,12,40,56,30,50,80,25,23,3,54,55,229,0.402,0.401,0.417,0.714,0.451,0.413,G,jonesme03
416,Monica Wright,0.412,50,67,34,2010,21,MIN,34,24,0,866,139,376,107,282,32,94,68,83,29,68,97,50,34,7,67,101,378,0.37,0.379,0.34,0.819,0.458,0.412,G,wrighmo02
417,Tangela Smith,0.412,31,46,28,1998,21,SAC,28,10,0,707,112,278,107,264,5,14,40,54,45,84,129,31,17,46,46,78,269,0.403,0.405,0.357,0.741,0.446,0.412,C,smithta01
418,Krystyna Lara,0.412,23,36,25,1999,29,UTA,25,0,0,204,23,68,13,35,10,33,6,6,1,12,13,23,10,2,36,29,62,0.338,0.371,0.303,1,0.439,0.412,G,larakr01
419,Armintie Herrington,0.412,99,59,34,2007,22,CHI,34,34,0,893,95,232,94,229,1,3,78,151,83,121,204,99,40,7,59,67,269,0.409,0.41,0.333,0.517,0.451,0.412,G,pricear01
420,Vickie Johnson,0.411,66,49,26,1997,25,NYL,26,25,0,789,109,270,105,249,4,21,27,35,46,64,110,66,19,4,49,52,249,0.404,0.422,0.19,0.771,0.436,0.411,G-F,johnsvi02
421,Kim Smith,0.411,20,22,31,2006,22,SAC,31,0,0,313,28,84,15,52,13,32,5,9,11,28,39,20,9,0,22,33,74,0.333,0.288,0.406,0.556,0.421,0.411,F,smithki01
422,Jocelyn Penn,0.41,16,20,30,2003,23,WAS,30,0,0,288,31,78,29,65,2,13,22,33,19,33,52,16,15,1,20,28,86,0.397,0.446,0.154,0.667,0.465,0.41,F,pennjo01
423,Kathrin Ress,0.41,16,37,28,2007,22,MIN,28,1,0,348,31,78,29,74,2,4,21,29,39,32,71,16,8,4,37,69,85,0.397,0.392,0.5,0.724,0.468,0.41,F,reisska01
424,Rashanda McCants,0.41,26,36,34,2009,22,MIN,34,1,0,482,56,150,45,112,11,38,22,39,30,38,68,26,15,10,36,74,145,0.373,0.402,0.289,0.564,0.434,0.41,F,mccanra02
425,Kamila Vodichkova,0.409,22,57,23,2000,27,SEA,23,19,0,489,68,171,64,151,4,20,60,78,28,69,97,22,13,12,57,63,200,0.398,0.424,0.2,0.769,0.487,0.409,F-C,vodicka01
426,Tammy Jackson,0.409,12,49,28,1997,34,HOU,28,3,0,545,45,110,45,109,0,1,25,41,42,74,116,12,45,10,49,84,115,0.409,0.413,0,0.61,0.449,0.409,F-C,jacksta03
427,Aneesah Morrow,0.409,11,21,19,2025,22,CON,19,2,0,291,48,126,41,96,7,30,33,43,27,64,91,11,13,7,21,38,136,0.381,0.427,0.233,0.767,0.469,0.409,F,morroan02
428,Rachael Sporn,0.408,38,34,30,1998,30,DET,30,1,0,535,60,147,60,147,0,0,16,32,51,57,108,38,8,12,34,58,136,0.408,0.408,,0.5,0.422,0.408,F,spornra01
429,Sonja Tate,0.408,100,65,32,1999,27,MIN,32,18,0,828,52,147,36,80,16,67,23,30,48,79,127,100,36,3,65,84,143,0.354,0.45,0.239,0.767,0.446,0.408,G,tateso01
430,Veronica Burton,0.408,68,35,36,2022,21,DAL,36,6,0,548,25,76,13,33,12,43,32,32,17,36,53,68,34,11,35,51,94,0.329,0.394,0.279,1,0.522,0.408,G,burtove01
431,Gwen Jackson,0.407,20,46,33,2003,22,SAS,33,26,0,975,114,286,109,256,5,30,56,88,86,119,205,20,15,17,46,85,289,0.399,0.426,0.167,0.636,0.445,0.407,F,jacksgw01
432,Andrea Kuklova,0.405,31,40,29,1998,26,PHO,29,2,0,340,38,95,37,88,1,7,20,36,19,18,37,31,18,4,40,40,97,0.4,0.42,0.143,0.556,0.438,0.405,G-F,kukloan01
433,Vicki Hall,0.405,24,25,32,2000,30,CLE,32,10,0,577,59,158,49,116,10,42,22,34,24,68,92,24,17,8,25,60,150,0.373,0.422,0.238,0.647,0.434,0.405,F,hallvi01
434,Amber Jacobs,0.405,47,45,32,2004,22,MIN,32,0,0,391,31,100,12,40,19,60,20,22,3,33,36,47,13,0,45,36,101,0.31,0.3,0.317,0.909,0.46,0.405,G,jacobam01
435,Erin Thorn,0.405,16,13,23,2003,22,NYL,23,0,0,181,13,42,5,9,8,33,10,10,3,8,11,16,4,1,13,8,44,0.31,0.556,0.242,1,0.474,0.405,G,thorner01
436,Sherill Baker,0.404,35,50,34,2006,23,NYL,34,16,0,614,97,251,88,218,9,33,48,56,23,33,56,35,46,1,50,69,251,0.386,0.404,0.273,0.857,0.455,0.404,G,bakersh01
437,Kim Williams,0.404,60,57,28,1997,22,UTA,28,10,0,608,88,229,79,195,9,34,41,53,34,47,81,60,38,7,57,83,226,0.384,0.405,0.265,0.774,0.448,0.404,G,williki01
438,Jazmon Gwathmey,0.404,16,11,22,2016,23,SAS,22,10,0,351,27,78,18,51,9,27,10,13,9,29,38,16,8,8,11,37,73,0.346,0.353,0.333,0.769,0.436,0.404,G,gwathja01
439,Satou Sabally,0.404,40,35,16,2020,22,DAL,16,14,0,450,67,182,54,116,13,66,75,86,41,83,124,40,14,14,35,50,222,0.368,0.466,0.197,0.872,0.505,0.404,F,sabalsa01
440,Asjha Jones,0.403,28,39,32,2002,21,WAS,32,5,0,612,93,233,91,223,2,10,20,33,39,50,89,28,13,17,39,88,208,0.399,0.408,0.2,0.606,0.42,0.403,F,jonesas02
441,Daedra Charles,0.403,12,14,28,1997,28,LAS,28,1,0,282,27,67,27,66,0,1,10,15,16,32,48,12,10,10,14,41,64,0.403,0.409,0,0.667,0.435,0.403,F-C,charlda01
442,Adrian Williams-Strong,0.403,16,29,28,2000,23,PHO,28,2,0,351,29,72,29,72,0,0,20,38,24,47,71,16,14,4,29,42,78,0.403,0.403,,0.526,0.44,0.403,C-F,williad01
443,Jasmine Thomas,0.402,64,55,34,2011,21,WAS,34,6,0,655,85,241,61,164,24,77,24,36,13,60,73,64,25,9,55,60,218,0.353,0.372,0.312,0.667,0.424,0.402,G,thomaja03
444,Debbie Black,0.402,161,67,32,1999,32,UTA,32,32,0,1014,62,164,54,123,8,41,31,50,31,80,111,161,77,6,67,116,163,0.378,0.439,0.195,0.62,0.438,0.402,G,blackde02
445,Jurgita Streimikyte,0.402,44,32,27,2000,28,IND,27,6,0,424,46,117,44,111,2,6,27,35,25,46,71,44,16,23,32,67,121,0.393,0.396,0.333,0.771,0.457,0.402,F,streiju01
446,Rebecca Lobo,0.401,53,88,28,1997,23,NYL,28,28,0,939,133,354,115,291,18,63,64,105,62,141,203,53,26,51,88,73,348,0.376,0.395,0.286,0.61,0.435,0.401,C,lobore01
447,Lynette Woodard,0.401,67,69,28,1997,37,CLE,28,27,0,712,87,217,87,210,0,7,43,64,37,78,115,67,45,10,69,44,217,0.401,0.414,0,0.672,0.443,0.401,G,woodaly01
448,Marta Fernandez,0.401,101,90,34,2007,25,LAS,34,20,0,891,107,282,95,233,12,49,71,89,12,60,72,101,36,14,90,31,297,0.379,0.408,0.245,0.798,0.462,0.401,G,fernama01
449,Riquna Williams,0.401,69,47,33,2012,22,TUL,33,3,0,671,116,337,78,220,38,117,75,91,25,55,80,69,51,9,47,65,345,0.344,0.355,0.325,0.824,0.458,0.401,G,williri05
450,Miao Lijie,0.4,13,15,18,2005,24,SAC,18,0,0,135,9,30,3,10,6,20,7,7,0,4,4,13,5,1,15,13,31,0.3,0.3,0.3,1,0.469,0.4,G,miaomi01
451,Sugar Rodgers,0.4,14,12,28,2013,23,MIN,28,0,0,212,19,60,9,28,10,32,4,7,11,29,40,14,15,9,12,32,52,0.317,0.321,0.313,0.571,0.412,0.4,G,rodgesu01
452,Alexis Hornbuckle,0.399,71,49,34,2008,22,DET,34,0,0,747,63,178,47,133,16,45,42,66,53,85,138,71,79,10,49,97,184,0.354,0.353,0.356,0.636,0.444,0.399,G,hornbal01
453,Keri Chaconas,0.399,38,49,30,1998,23,WAS,30,1,0,397,44,148,14,43,30,105,26,33,7,17,24,38,13,0,49,53,144,0.297,0.326,0.286,0.788,0.443,0.399,G,chacoke01
454,Briann January,0.398,77,57,33,2009,22,IND,33,4,0,683,64,192,39,105,25,87,74,87,23,40,63,77,36,3,57,78,227,0.333,0.371,0.287,0.851,0.493,0.398,G,januabr01
455,Bridget Pettis,0.398,78,82,28,1997,26,PHO,28,28,0,842,107,320,66,186,41,134,97,108,36,71,107,78,49,11,82,57,352,0.334,0.355,0.306,0.898,0.479,0.398,G,pettibr01
456,Chandi Jones,0.398,45,40,31,2004,22,DET,31,8,0,397,37,103,29,71,8,32,25,31,8,26,34,45,18,5,40,41,107,0.359,0.408,0.25,0.806,0.459,0.398,G,jonesch07
457,Kelsey Griffin,0.398,36,43,34,2010,22,CON,34,19,0,679,48,137,35,89,13,48,41,53,43,117,160,36,23,17,43,64,150,0.35,0.393,0.271,0.774,0.468,0.398,F,griffke01
458,DeMya Walker,0.398,19,35,30,2000,22,POR,30,1,0,311,35,88,35,86,0,2,22,47,29,18,47,19,17,7,35,69,92,0.398,0.407,0,0.468,0.423,0.398,F,walkede01
459,Amber Harris,0.398,11,13,27,2011,23,MIN,27,0,0,278,33,83,33,83,0,0,23,31,24,36,60,11,3,11,13,33,89,0.398,0.398,,0.742,0.46,0.398,F,harriam01
460,Tricia Bader Binford,0.396,20,26,22,1998,25,UTA,22,0,0,206,16,53,6,26,10,27,4,8,0,10,10,20,13,0,26,34,46,0.302,0.231,0.37,0.5,0.407,0.396,G,badertr01
461,Samantha Prahalis,0.396,127,85,28,2012,22,PHO,28,28,0,886,118,335,89,228,29,107,59,68,13,76,89,127,44,3,85,71,324,0.352,0.39,0.271,0.868,0.444,0.396,G,prahasa01
462,Angel Reese,0.395,63,75,34,2024,22,CHI,34,34,1,1104,164,419,161,403,3,16,131,178,172,274,446,63,44,16,75,119,462,0.391,0.4,0.188,0.736,0.464,0.395,F,reesean01
463,Betnijah Laney-Hamilton,0.394,19,18,32,2015,21,CHI,32,2,0,411,39,99,39,93,0,6,16,23,18,50,68,19,16,6,18,41,94,0.394,0.419,0,0.696,0.431,0.394,G-F,laneybe01
464,Marlies Askamp,0.393,23,46,28,1997,26,PHO,28,1,0,517,70,178,70,177,0,1,71,93,66,79,145,23,22,9,46,59,211,0.393,0.395,0,0.763,0.482,0.393,C,askamma01
465,Davellyn Whyte,0.392,52,42,29,2013,22,SAS,29,4,0,433,42,130,24,70,18,60,28,37,18,37,55,52,20,7,42,36,130,0.323,0.343,0.3,0.757,0.444,0.392,G,whyteda01
466,Sevgi Uzun,0.392,119,73,40,2024,26,DAL,40,19,0,820,68,199,48,115,20,84,19,23,9,56,65,119,37,11,73,60,175,0.342,0.417,0.238,0.826,0.418,0.392,G,uzunse01
467,Essence Carson,0.392,31,35,34,2008,21,NYL,34,30,0,646,92,245,84,216,8,29,31,46,25,51,76,31,32,8,35,49,223,0.376,0.389,0.276,0.674,0.42,0.392,G,carsoes01
468,Carla Leite,0.392,31,25,16,2025,21,GSV,16,3,0,259,36,97,32,59,4,38,29,33,5,15,20,31,10,2,25,28,105,0.371,0.542,0.105,0.879,0.471,0.392,G,leiteca01
469,Erin Grant,0.391,37,11,17,2007,23,HOU,17,2,0,211,9,23,9,21,0,2,7,10,7,12,19,37,7,0,11,20,25,0.391,0.429,0,0.7,0.456,0.391,G,granter01
470,Loree Moore,0.391,19,25,24,2005,22,NYL,24,0,0,197,9,23,9,21,0,2,4,9,4,23,27,19,10,0,25,12,22,0.391,0.429,0,0.444,0.408,0.391,G,moorelo02
471,Haley Peters,0.391,27,28,34,2016,23,SAS,34,0,0,594,75,215,57,143,18,72,28,37,16,62,78,27,12,7,28,64,196,0.349,0.399,0.25,0.757,0.424,0.391,F-G,peterha01
472,Kisha Ford,0.39,25,38,28,1997,22,NYL,28,3,0,473,43,114,40,94,3,20,27,44,28,20,48,25,28,5,38,56,116,0.377,0.426,0.15,0.614,0.435,0.39,G-F,fordki01
473,Jessica Brungo,0.39,27,12,33,2004,22,CON,33,0,0,314,18,59,8,21,10,38,4,5,10,27,37,27,4,4,12,21,50,0.305,0.381,0.263,0.8,0.408,0.39,F,brungje01
474,Katrina Hibbert,0.39,18,17,20,2000,22,SEA,20,6,0,240,19,59,11,28,8,31,7,9,8,22,30,18,7,1,17,22,53,0.322,0.393,0.258,0.778,0.421,0.39,G-F,hibbeka01
475,Mikiko Hagiwara,0.39,20,16,26,1997,27,PHOSAC,26,7,0,360,25,86,8,25,17,61,9,16,7,16,23,20,4,2,16,16,76,0.291,0.32,0.279,0.563,0.408,0.39,G,hagiwmi01
476,Shantia Owens,0.389,21,54,31,2000,22,MIA,31,16,0,605,51,131,51,131,0,0,29,54,47,50,97,21,11,26,54,95,131,0.389,0.389,,0.537,0.423,0.389,F,owenssh01
477,Angie Potthoff,0.389,37,35,32,1999,25,MIN,32,25,0,710,53,140,50,122,3,18,18,33,26,59,85,37,24,5,35,84,127,0.379,0.41,0.167,0.545,0.411,0.389,F,potthan01
478,Brooke McCarty-Williams,0.389,64,29,34,2019,23,DAL,34,3,0,447,26,90,8,40,18,50,11,12,10,35,45,64,16,1,29,42,81,0.289,0.2,0.36,0.917,0.425,0.389,G,mccarbr01
479,Shalonda Enis,0.388,47,60,29,1999,24,WAS,29,26,0,844,83,228,72,188,11,40,39,57,53,104,157,47,23,4,60,82,216,0.364,0.383,0.275,0.684,0.427,0.388,F-C,enissh01
480,Wendy Palmer,0.388,48,71,28,1997,22,UTA,28,28,0,936,157,420,145,372,12,48,117,173,76,149,225,48,47,6,71,86,443,0.374,0.39,0.25,0.676,0.446,0.388,F,palmewe01
481,JiSu Park,0.388,30,23,32,2018,19,LVA,32,11,0,417,38,98,38,96,0,2,13,21,27,80,107,30,10,20,23,54,89,0.388,0.396,0,0.619,0.415,0.388,C,parkji01
482,Andrea Riley,0.388,29,24,29,2010,21,LAS,29,0,0,224,27,89,12,38,15,51,31,37,5,17,22,29,14,1,24,23,100,0.303,0.316,0.294,0.838,0.475,0.388,G,rileyan01
483,Celeste Taylor,0.387,28,22,22,2024,23,CONINDPHO,22,4,0,328,21,62,15,32,6,30,10,18,6,22,28,28,15,10,22,22,58,0.339,0.469,0.2,0.556,0.415,0.387,G,tayloce01
484,Jamierra Faulkner,0.387,120,81,34,2014,22,CHI,34,18,0,694,96,265,83,216,13,49,62,74,11,57,68,120,33,7,81,66,267,0.362,0.384,0.265,0.838,0.449,0.387,G,faulkja01
485,Jordan Horston,0.385,58,71,36,2023,22,SEA,36,17,0,806,101,275,91,234,10,41,37,52,47,135,182,58,44,21,71,79,249,0.367,0.389,0.244,0.712,0.418,0.385,F,horstjo02
486,Jordin Canada,0.385,108,56,33,2018,22,SEA,33,2,0,543,65,182,55,127,10,55,48,65,9,40,49,108,30,1,56,38,188,0.357,0.433,0.182,0.738,0.446,0.385,G,canadjo02
487,Deanna Nolan,0.384,30,35,27,2001,21,DET,27,0,0,545,64,194,43,121,21,73,43,53,16,37,53,30,17,6,35,43,192,0.33,0.355,0.288,0.811,0.442,0.384,G-F,nolande01
488,Milena Flores,0.384,49,48,32,2000,22,MIA,32,0,0,474,34,112,16,51,18,61,26,42,6,17,23,49,23,3,48,36,112,0.304,0.314,0.295,0.619,0.429,0.384,G,floremi01
489,Tan White,0.384,53,70,34,2005,22,IND,34,3,0,693,85,254,60,173,25,81,47,58,21,32,53,53,30,7,70,62,242,0.335,0.347,0.309,0.81,0.433,0.384,G,whiteta01
490,Ayana Walker,0.383,17,29,32,2002,22,DET,32,0,0,548,63,167,61,158,2,9,34,49,56,62,118,17,12,34,29,56,162,0.377,0.386,0.222,0.694,0.43,0.383,F,walkeay01
491,Fran Harris,0.383,25,29,25,1997,32,HOU,25,1,0,369,37,107,29,83,8,24,22,31,16,40,56,25,17,3,29,27,104,0.346,0.349,0.333,0.71,0.431,0.383,G-F,harrifr01
492,A'dia Mathies,0.382,23,17,30,2013,22,LAS,30,0,0,276,24,68,20,52,4,16,16,25,7,13,20,23,9,2,17,35,68,0.353,0.385,0.25,0.64,0.43,0.382,G,mathiad01
493,Maite Cazorla,0.382,49,29,31,2019,22,ATL,31,1,0,477,29,93,16,38,13,55,21,24,2,19,21,49,18,1,29,22,92,0.312,0.421,0.236,0.875,0.444,0.382,G,cazorma01
494,Natalie Novosel,0.381,23,19,31,2012,22,WAS,31,0,0,306,34,101,25,60,9,41,22,29,19,22,41,23,14,3,19,16,99,0.337,0.417,0.22,0.759,0.435,0.381,G,novosna01
495,Tajama Abraham,0.381,13,49,28,1997,21,SAC,28,5,0,422,48,126,48,126,0,0,26,38,32,35,67,13,12,12,49,70,122,0.381,0.381,,0.684,0.427,0.381,C,abrahta01
496,Keitha Dickerson,0.38,59,70,32,2000,22,MIN,32,29,0,791,54,142,54,140,0,2,34,45,31,110,141,59,37,2,70,107,142,0.38,0.386,0,0.756,0.439,0.38,F,dickeke01
497,Val Whiting-Raymond,0.38,49,46,31,1999,27,DET,31,20,0,764,76,200,76,200,0,0,50,110,66,141,207,49,40,31,46,84,202,0.38,0.38,,0.455,0.407,0.38,C-F,whitiva01
498,Carla Boyd,0.379,68,52,30,1998,22,DET,30,24,0,817,89,260,70,197,19,63,48,76,51,67,118,68,27,10,52,88,245,0.342,0.355,0.302,0.632,0.417,0.379,F,boydca01
499,Plenette Pierson,0.379,22,42,33,2003,21,PHO,33,5,0,602,67,177,67,175,0,2,64,101,37,43,80,22,19,13,42,87,198,0.379,0.383,0,0.634,0.447,0.379,F,pierspl01
500,Hailey Van Lith,0.378,25,26,19,2025,23,CHI,19,0,0,239,26,74,22,53,4,21,18,23,4,19,23,25,7,4,26,14,74,0.351,0.415,0.19,0.783,0.44,0.378,G,vanliha01
501,Pauline Jordan,0.377,20,25,24,1998,30,PHOSAC,24,0,0,277,26,69,26,68,0,1,22,35,15,34,49,20,14,12,25,48,74,0.377,0.382,0,0.629,0.438,0.377,F-C,jordapa01
502,Octavia Blue,0.377,10,27,30,1998,22,LAS,30,3,0,331,26,77,20,56,6,21,15,24,19,30,49,10,13,3,27,41,73,0.338,0.357,0.286,0.625,0.417,0.377,F,blueoc01
503,Tammi Reiss,0.377,87,61,28,1997,27,UTA,28,26,0,831,72,231,42,130,30,101,42,55,29,48,77,87,23,2,61,57,216,0.312,0.323,0.297,0.764,0.423,0.377,G,reissta01
504,Alex Montgomery,0.376,21,19,30,2011,22,NYL,30,0,0,271,28,85,20,67,8,18,11,17,15,39,54,21,10,7,19,33,75,0.329,0.299,0.444,0.647,0.405,0.376,G-F,montgal01
505,Lexie Brown,0.375,12,10,22,2018,23,CON,22,0,0,124,12,44,3,15,9,29,4,7,1,16,17,12,6,1,10,10,37,0.273,0.2,0.31,0.571,0.393,0.375,G,brownle04
506,Olivia Époupa,0.375,26,15,17,2024,30,MIN,17,0,0,114,6,16,6,16,0,0,2,2,6,13,19,26,14,0,15,13,14,0.375,0.375,,1,0.415,0.375,G,epoupol01
507,Penny Moore,0.374,28,44,28,1997,28,CHA,28,9,0,539,57,159,52,134,5,25,16,31,15,57,72,28,16,11,44,35,135,0.358,0.388,0.2,0.516,0.391,0.374,F,moorepe01
508,Semeka Randall,0.371,44,73,32,2001,22,SEA,32,30,0,884,117,315,117,311,0,4,66,100,32,73,105,44,29,4,73,45,300,0.371,0.376,0,0.66,0.418,0.371,G,randase01
509,Bella Alarie,0.371,11,11,22,2020,22,DAL,22,3,0,309,24,66,23,53,1,13,10,12,23,40,63,11,14,18,11,35,59,0.364,0.434,0.077,0.833,0.414,0.371,C-F,alaribe01
510,Lindsay Allen,0.371,62,19,28,2017,22,NYL,28,0,0,376,23,62,23,49,0,13,7,10,10,32,42,62,16,1,19,24,53,0.371,0.469,0,0.7,0.399,0.371,G,allenli01
511,Lindsey Harding,0.37,78,47,20,2007,23,MIN,20,20,0,602,86,243,78,208,8,35,53,78,15,72,87,78,20,6,47,44,233,0.354,0.375,0.229,0.679,0.42,0.37,G,hardili01
512,Rita Williams,0.37,69,69,30,1998,22,WAS,30,18,0,712,41,127,29,72,12,55,38,60,13,55,68,69,63,2,69,51,132,0.323,0.403,0.218,0.633,0.43,0.37,G,williri04
513,Chantel Tremitiere,0.37,135,122,28,1997,27,SAC,28,28,0,1051,69,196,62,159,7,37,67,90,25,89,114,135,54,1,122,80,212,0.352,0.39,0.189,0.744,0.45,0.37,G,tremich01
514,Kysre Gondrezick,0.37,18,17,19,2021,23,IND,19,0,0,173,13,46,5,18,8,28,2,4,3,16,19,18,7,0,17,14,36,0.283,0.278,0.286,0.5,0.377,0.37,G,gondrky01
515,Erin Perperoglou,0.37,62,65,32,2001,22,MIN,32,19,0,725,64,184,56,155,8,29,47,76,42,76,118,62,27,29,65,101,183,0.348,0.361,0.276,0.618,0.421,0.37,F,perpeer01
516,Dearica Hamby,0.369,22,41,31,2015,21,SAS,31,16,0,539,70,198,64,181,6,17,43,67,42,85,127,22,13,5,41,40,189,0.354,0.354,0.353,0.642,0.415,0.369,F,hambyde01
517,Anastasia Kostaki,0.368,19,42,32,2006,28,HOU,32,0,0,262,18,57,12,27,6,30,25,35,3,22,25,19,7,0,42,41,67,0.316,0.444,0.2,0.714,0.463,0.368,G,kostaan01
518,Trisha Stafford-Odom,0.368,16,26,30,2001,30,HOU,30,4,0,365,39,106,39,105,0,1,35,52,38,47,85,16,12,2,26,42,113,0.368,0.371,0,0.673,0.438,0.368,F,stafftr01
519,Brianna Kiesel,0.367,65,41,34,2015,21,TUL,34,15,0,616,60,180,48,128,12,52,40,53,8,20,28,65,28,2,41,61,172,0.333,0.375,0.231,0.755,0.423,0.367,G,kiesebr01
520,Stacey Thomas,0.365,101,68,32,2000,21,POR,32,31,0,863,58,163,55,151,3,12,44,74,48,78,126,101,54,15,68,93,163,0.356,0.364,0.25,0.595,0.417,0.365,F,thomast01
521,Sue Wicks,0.364,29,46,28,1997,30,NYL,28,0,0,332,38,107,36,100,2,7,22,33,36,58,94,29,17,18,46,52,100,0.355,0.36,0.286,0.667,0.411,0.364,F,wickssu01
522,Cindy Blodgett,0.364,18,12,22,1998,22,CLE,22,0,0,184,19,66,9,29,10,37,15,24,2,12,14,18,9,0,12,18,63,0.288,0.31,0.27,0.625,0.411,0.364,G,blodgci01
523,Nancy Lieberman,0.364,40,39,25,1997,38,PHO,25,0,0,279,25,77,19,51,6,26,8,10,6,26,32,40,14,2,39,34,64,0.325,0.373,0.231,0.8,0.393,0.364,G,liebena01
524,Ticha Penicheiro,0.364,224,116,30,1998,23,SAC,30,30,0,1080,55,165,45,122,10,43,70,109,13,128,141,224,67,3,116,90,190,0.333,0.369,0.233,0.642,0.446,0.364,G,penicti01
525,Skylar Diggins,0.363,123,92,32,2013,22,TUL,32,21,0,845,89,271,70,193,19,78,75,90,15,46,61,123,41,8,92,65,272,0.328,0.363,0.244,0.833,0.438,0.363,G,diggisk01
526,Kristin Haynie,0.363,43,35,30,2005,22,SAC,30,0,0,434,40,117,35,85,5,32,19,23,19,43,62,43,33,1,35,41,104,0.342,0.412,0.156,0.826,0.409,0.363,G,haynikr01
527,Tia Jackson,0.363,26,37,26,1997,25,PHO,26,6,0,320,25,73,22,65,3,8,21,25,26,31,57,26,23,8,37,31,74,0.342,0.338,0.375,0.84,0.44,0.363,F,jacksti01
528,Tierra Ruffin-Pratt,0.363,26,22,34,2013,22,WAS,34,0,0,503,51,142,50,135,1,7,47,60,33,62,95,26,22,8,22,57,150,0.359,0.37,0.143,0.783,0.445,0.363,G,ruffiti01
529,Monique Currie,0.363,87,62,34,2006,23,CHA,34,33,0,849,87,262,71,207,16,55,149,184,51,81,132,87,34,4,62,100,339,0.332,0.343,0.291,0.81,0.494,0.363,F,currimo01
530,Tasha Butts,0.363,25,23,30,2004,22,MIN,30,0,0,423,24,80,14,43,10,37,18,25,21,41,62,25,13,7,23,37,76,0.3,0.326,0.27,0.72,0.418,0.363,F,buttsta01
531,Aiysha Smith,0.363,10,26,31,2003,22,WAS,31,2,0,422,41,120,36,86,5,34,17,34,21,44,65,10,11,9,26,44,104,0.342,0.419,0.147,0.5,0.385,0.363,F,smithai01
532,Tawona Alhaleem,0.362,14,28,26,2001,26,ORL,26,1,0,252,19,58,15,47,4,11,7,14,15,23,38,14,11,0,28,20,49,0.328,0.319,0.364,0.5,0.382,0.362,F-G,alhalta01
533,Tamera Young,0.36,41,59,33,2008,21,ATL,33,15,0,745,80,240,67,200,13,40,67,97,44,95,139,41,30,10,59,97,240,0.333,0.335,0.325,0.691,0.425,0.36,F,youngta01
534,Lynn Pride,0.36,40,33,32,2000,21,POR,32,1,0,462,41,118,38,109,3,9,29,42,22,39,61,40,16,9,33,59,114,0.347,0.349,0.333,0.69,0.418,0.36,G-F,pridely01
535,Niesa Johnson,0.36,43,27,31,1999,26,CHA,31,0,0,296,15,50,9,27,6,23,11,12,3,15,18,43,10,2,27,19,47,0.3,0.333,0.261,0.917,0.425,0.36,G,johnsni03
536,Kristen Rasmussen,0.36,28,30,26,2000,21,MIAUTA,26,7,0,463,35,100,33,93,2,7,54,64,45,53,98,28,25,14,30,49,126,0.35,0.355,0.286,0.844,0.492,0.36,F,rasmukr01
537,Stacey Lovelace,0.359,16,35,23,2000,25,SEA,23,1,0,324,36,103,34,94,2,9,25,31,19,38,57,16,13,2,35,42,99,0.35,0.362,0.222,0.806,0.424,0.359,C,lovelst01
538,Toccara Williams,0.359,43,31,26,2004,22,SAS,26,4,0,417,16,46,15,44,1,2,22,29,7,32,39,43,35,5,31,36,55,0.348,0.341,0.5,0.759,0.468,0.359,G,willito02
539,Edwina Brown,0.358,72,68,32,2000,21,DET,32,7,0,619,60,169,59,165,1,4,67,80,36,52,88,72,24,5,68,77,188,0.355,0.358,0.25,0.838,0.46,0.358,G-F,browned02
540,Celine Dumerc,0.358,112,58,28,2014,31,ATL,28,11,0,527,28,95,16,43,12,52,25,36,16,40,56,112,30,2,58,54,93,0.295,0.372,0.231,0.694,0.42,0.358,G,dumercc01
541,Helen Darling,0.357,65,67,32,2000,21,CLE,32,0,0,556,47,150,34,112,13,38,48,65,24,39,63,65,37,5,67,52,155,0.313,0.304,0.342,0.738,0.434,0.357,G,darlihe01
542,Natasha Cloud,0.355,115,49,34,2015,23,WAS,34,22,0,657,41,128,32,90,9,38,32,47,10,85,95,115,29,3,49,58,123,0.32,0.356,0.237,0.681,0.414,0.355,G,cloudna02
543,Haley Jones,0.355,92,54,40,2023,22,ATL,40,6,0,584,56,166,50,138,6,28,31,41,14,80,94,92,16,12,54,69,149,0.337,0.362,0.214,0.756,0.405,0.355,F-G,jonesha01
544,Matee Ajavon,0.355,59,54,34,2008,22,HOU,34,2,0,604,94,283,81,216,13,67,72,91,33,27,60,59,30,6,54,85,273,0.332,0.375,0.194,0.791,0.423,0.355,G,ajavoma01
545,Shannon Bobbitt,0.354,90,63,26,2008,22,LAS,26,17,0,552,35,127,15,56,20,71,16,22,16,48,64,90,25,1,63,40,106,0.276,0.268,0.282,0.727,0.388,0.354,G,bobbish01
546,Layshia Clarendon,0.352,55,40,30,2013,22,IND,30,4,0,582,55,166,48,139,7,27,9,22,18,36,54,55,16,1,40,66,126,0.331,0.345,0.259,0.409,0.359,0.352,G,clarela01
547,Brooke Wyckoff,0.352,37,50,32,2001,21,ORL,32,27,0,648,41,125,35,88,6,37,20,28,48,74,122,37,26,15,50,91,108,0.328,0.398,0.162,0.714,0.393,0.352,F,wyckobr01
548,Jackie Young,0.352,153,53,34,2019,21,LVA,34,34,0,767,76,236,62,192,14,44,59,73,23,88,111,153,26,12,53,47,225,0.322,0.323,0.318,0.808,0.42,0.352,G,youngja04
549,Rui Machida,0.351,93,38,36,2022,29,WAS,36,2,0,463,26,84,19,50,7,34,6,9,6,34,40,93,16,2,38,25,65,0.31,0.38,0.206,0.667,0.369,0.351,G,machiru01
550,Charlotte Smith,0.351,58,50,32,1999,25,CHA,32,24,0,746,62,188,54,132,8,56,41,58,46,69,115,58,10,7,50,87,173,0.33,0.409,0.143,0.707,0.405,0.351,F,smithch09
551,Ketia Swanier,0.351,26,20,25,2008,21,CON,25,6,0,231,13,47,6,17,7,30,8,10,5,24,29,26,14,1,20,17,41,0.277,0.353,0.233,0.8,0.399,0.351,G,swanike01
552,Yuko Oga,0.351,14,22,23,2008,25,PHO,23,0,0,180,20,57,20,47,0,10,16,17,5,12,17,14,7,0,22,13,56,0.351,0.426,0,0.941,0.434,0.351,G,ogayu01
553,Lady Grooms,0.35,67,79,28,1997,26,UTA,28,24,0,691,58,167,57,157,1,10,36,55,33,51,84,67,23,2,79,39,153,0.347,0.363,0.1,0.655,0.4,0.35,F,groomla01
554,Quianna Chaney,0.349,24,23,28,2008,22,CHI,28,0,0,241,23,83,11,33,12,50,10,12,4,24,28,24,15,3,23,19,68,0.277,0.333,0.24,0.833,0.385,0.349,G,chanequ01
555,Liz Moeggenberg,0.349,17,15,27,2006,22,CHI,27,1,0,273,20,63,16,51,4,12,14,30,27,19,46,17,10,6,15,14,58,0.317,0.314,0.333,0.467,0.381,0.349,F,moeggli01
556,Georgia Schweitzer,0.348,34,17,24,2001,22,MIN,24,8,0,423,32,102,25,60,7,42,13,17,15,35,50,34,11,6,17,34,84,0.314,0.417,0.167,0.765,0.384,0.348,G-F,schwege01
557,DiJonai Carrington,0.348,12,22,24,2021,23,CON,24,1,0,220,27,82,24,61,3,21,11,15,15,32,47,12,13,3,22,37,68,0.329,0.393,0.143,0.733,0.384,0.348,G-F,carridi01
558,Kamiko Williams,0.347,32,30,34,2013,22,NYL,34,18,0,453,39,121,33,98,6,23,4,7,16,57,73,32,24,8,30,38,88,0.322,0.337,0.261,0.571,0.355,0.347,G,willika01
559,Megan Mahoney,0.347,24,25,31,2006,23,CON,31,1,0,351,26,85,19,56,7,29,17,19,15,51,66,24,7,1,25,38,76,0.306,0.339,0.241,0.895,0.407,0.347,F,mahonme01
560,Doneeka Lewis,0.346,16,17,24,2004,21,LAS,24,3,0,245,16,52,12,35,4,17,7,10,3,19,22,16,10,2,17,9,43,0.308,0.343,0.235,0.7,0.381,0.346,G,hodgedo02
561,Morenike Atunrase,0.345,23,26,33,2008,22,SAS,33,0,0,348,24,87,12,46,12,41,11,16,16,32,48,23,16,13,26,21,71,0.276,0.261,0.293,0.688,0.377,0.345,G-F,atunrmo01
562,Jaime Nared,0.344,14,17,31,2018,22,LVA,31,0,0,283,24,80,17,49,7,31,24,28,10,36,46,14,13,2,17,26,79,0.3,0.347,0.226,0.857,0.428,0.344,G-F,naredja01
563,Leticia Romero,0.344,23,15,21,2018,23,DAL,21,0,0,146,5,16,4,11,1,5,13,15,8,9,17,23,1,0,15,21,24,0.313,0.364,0.2,0.867,0.531,0.344,G,romerle01
564,Ebony Hoffman,0.343,21,27,30,2004,21,IND,30,13,0,334,26,83,21,66,5,17,3,4,34,53,87,21,15,5,27,51,60,0.313,0.318,0.294,0.75,0.354,0.343,F,hoffmeb01
565,Coquese Washington,0.343,44,37,28,1998,27,NYL,28,0,0,226,15,51,10,30,5,21,18,26,5,21,26,44,17,0,37,31,53,0.294,0.333,0.238,0.692,0.424,0.343,G,washico01
566,Jolene Anderson,0.341,26,16,24,2008,21,CON,24,7,0,367,35,126,19,57,16,69,11,15,11,47,58,26,7,1,16,17,97,0.278,0.333,0.232,0.733,0.366,0.341,G,anderjo01
567,Janel McCarville,0.34,11,22,28,2005,22,CHA,28,3,0,311,17,50,17,50,0,0,16,25,32,44,76,11,12,7,22,39,50,0.34,0.34,,0.64,0.41,0.34,F-C,mccarja02
568,Dominique Canty,0.338,38,45,26,1999,22,DET,26,11,0,646,76,229,73,212,3,17,94,136,35,45,80,38,26,1,45,57,249,0.332,0.344,0.176,0.691,0.431,0.338,G,cantydo01
569,Trisha Fallon,0.338,22,16,26,1999,26,MIN,26,0,0,281,24,80,18,63,6,17,23,31,9,13,22,22,11,6,16,30,77,0.3,0.286,0.353,0.742,0.411,0.338,G-F,fallotr01
570,Claudia Neves,0.337,29,23,30,1999,24,DET,30,0,0,306,25,95,11,35,14,60,12,19,8,15,23,29,16,0,23,32,76,0.263,0.314,0.233,0.632,0.368,0.337,G,nevescl01
571,Kristen Veal,0.336,125,82,29,2001,19,PHO,29,14,0,658,35,125,21,75,14,50,32,42,14,46,60,125,33,4,82,58,116,0.28,0.28,0.28,0.762,0.404,0.336,G,vealkr01
572,Karen Booker,0.333,24,49,26,1997,32,UTA,26,4,0,321,20,60,20,57,0,3,21,37,34,46,80,24,24,15,49,62,61,0.333,0.351,0,0.568,0.4,0.333,C,bookeka01
573,Jasmine James,0.333,28,19,16,2013,21,PHO,16,1,0,190,18,54,18,46,0,8,13,18,5,18,23,28,14,1,19,18,49,0.333,0.391,0,0.722,0.396,0.333,G,jamesja01
574,E.C. Hill,0.33,14,25,26,2000,28,CHA,26,0,0,213,16,56,11,34,5,22,2,5,8,15,23,14,5,1,25,33,39,0.286,0.324,0.227,0.4,0.335,0.33,G,hillec01
575,Alexis Peterson,0.33,14,13,17,2017,22,SEA,17,0,0,121,13,44,10,32,3,12,6,6,3,18,21,14,5,0,13,18,35,0.295,0.313,0.25,1,0.375,0.33,G,peteral02
576,Zia Cooke,0.329,31,29,39,2023,22,LAS,39,4,0,549,65,225,47,156,18,69,39,48,10,27,37,31,13,12,29,36,187,0.289,0.301,0.261,0.813,0.38,0.329,G,cookezi01
577,Leigha Brown,0.327,10,11,25,2023,22,CON,25,0,0,130,8,26,7,16,1,10,4,6,6,15,21,10,5,2,11,19,21,0.308,0.438,0.1,0.667,0.367,0.327,G,brownle05
578,Jennifer Derevjanik,0.327,14,10,23,2004,22,CON,23,0,0,140,7,26,4,14,3,12,2,2,1,8,9,14,8,0,10,20,19,0.269,0.286,0.25,1,0.353,0.327,G,derevje01
579,Noelle Quinn,0.327,148,67,34,2007,22,MIN,34,19,0,670,37,124,30,86,7,38,15,24,18,71,89,148,29,13,67,40,96,0.298,0.349,0.184,0.625,0.357,0.327,G,quinnno01
580,Joyner Holmes,0.326,13,13,19,2020,22,NYL,19,0,0,190,22,72,19,44,3,28,9,12,15,36,51,13,2,2,13,14,56,0.306,0.432,0.107,0.75,0.362,0.326,F,holmejo03
581,Andrea Garner,0.326,25,43,32,2000,21,SEA,32,19,0,560,37,115,36,113,1,2,24,38,42,55,97,25,27,10,43,44,99,0.322,0.319,0.5,0.632,0.376,0.326,F-C,garnean01
582,Markita Aldridge,0.324,33,41,31,1999,25,WAS,31,2,0,379,29,94,26,74,3,20,20,33,12,25,37,33,15,7,41,35,81,0.309,0.351,0.15,0.606,0.373,0.324,G,aldrima01
583,Stephanie Soares,0.324,10,12,22,2024,24,DAL,22,3,0,175,10,34,8,22,2,12,2,2,18,29,47,10,2,8,12,18,24,0.294,0.364,0.167,1,0.344,0.324,C,soarest01
584,Beth Cunningham,0.316,12,12,21,2000,25,WAS,21,0,0,198,17,68,8,31,9,37,16,19,4,17,21,12,2,0,12,23,59,0.25,0.258,0.243,0.842,0.386,0.316,G,cunnibe01
585,Nekeshia Henderson,0.316,22,16,23,2001,28,HOU,23,0,0,179,9,38,3,16,6,22,2,7,5,16,21,22,6,0,16,5,26,0.237,0.188,0.273,0.286,0.316,0.316,G,hendene01
586,A'Quonesia Franklin,0.314,59,26,34,2008,22,SAC,34,0,0,351,19,70,13,46,6,24,9,14,5,40,45,59,16,1,26,44,53,0.271,0.283,0.25,0.643,0.348,0.314,G,frankaq01
587,Audrey Sauret,0.311,43,41,25,2001,24,WAS,25,3,0,455,33,111,30,85,3,26,7,24,11,31,42,43,24,4,41,39,76,0.297,0.353,0.115,0.292,0.313,0.311,G,saureau01
588,Slobodanka Tuvic,0.31,17,28,30,2001,23,PHO,30,0,0,325,13,42,13,42,0,0,28,59,18,45,63,17,16,17,28,49,54,0.31,0.31,,0.475,0.397,0.31,C,tuvicsl01
589,Lindsey Moore,0.306,24,12,23,2013,22,MIN,23,0,0,130,8,31,5,19,3,12,3,4,0,13,13,24,3,0,12,5,22,0.258,0.263,0.25,0.75,0.336,0.306,G,mooreli01
590,Arella Guirantes,0.305,15,12,25,2021,23,LAS,25,2,0,291,26,95,20,68,6,27,21,26,6,27,33,15,8,4,12,26,79,0.274,0.294,0.222,0.808,0.371,0.305,G,guiraar01
591,Kathleen Doyle,0.305,19,18,18,2020,22,IND,18,0,0,155,10,41,5,20,5,21,2,4,3,12,15,19,7,0,18,26,27,0.244,0.25,0.238,0.5,0.316,0.305,G,doyleka01
592,Lexie Hull,0.305,18,18,26,2022,22,IND,26,4,0,334,28,105,20,62,8,43,36,40,11,29,40,18,15,2,18,47,100,0.267,0.323,0.186,0.9,0.408,0.305,G,hullle01
593,Alex Harden,0.303,29,29,32,2015,22,PHO,32,0,0,391,24,89,18,66,6,23,12,13,11,35,46,29,23,13,29,46,66,0.27,0.273,0.261,0.923,0.348,0.303,G,hardeal01
594,Ashley Shields,0.301,20,44,26,2007,22,HOU,26,0,0,304,38,138,31,120,7,18,54,73,14,19,33,20,10,1,44,25,137,0.275,0.258,0.389,0.74,0.403,0.301,G,shielas01
595,Umeki Webb,0.301,68,55,28,1997,22,PHO,28,17,0,775,47,158,46,143,1,15,46,67,42,75,117,68,68,8,55,92,141,0.297,0.322,0.067,0.687,0.376,0.301,G-F,webbum01
596,Jameka Jones,0.3,10,25,21,2000,21,MIA,21,0,0,233,25,95,18,60,7,35,13,18,10,12,22,10,8,0,25,40,70,0.263,0.3,0.2,0.722,0.34,0.3,G,jonesja06
597,Sequoia Holmes,0.29,11,14,17,2008,22,HOU,17,3,0,203,16,62,12,45,4,17,16,22,12,23,35,11,8,1,14,19,52,0.258,0.267,0.235,0.727,0.363,0.29,G,holmese01
598,Monica Maxwell,0.29,10,11,20,1999,22,WAS,20,0,0,141,11,50,4,17,7,33,5,9,3,19,22,10,5,1,11,9,34,0.22,0.235,0.212,0.556,0.315,0.29,F,maxwemo01
599,Erica White,0.29,47,49,34,2008,21,HOU,34,2,0,426,25,88,24,81,1,7,70,78,14,33,47,47,23,3,49,60,121,0.284,0.296,0.143,0.897,0.495,0.29,G,whiteer02
600,Laure Savasta,0.289,12,21,14,1997,23,SAC,14,0,0,157,11,45,7,25,4,20,7,9,1,5,6,12,4,1,21,14,33,0.244,0.28,0.2,0.778,0.337,0.289,G,savasla01
601,Vedrana Grgin-Fonseca,0.282,12,14,18,2000,25,LAS,18,0,0,183,17,62,16,45,1,17,14,23,9,14,23,12,3,1,14,17,49,0.274,0.356,0.059,0.609,0.34,0.282,F,grginve01
602,Samantha Logic,0.28,31,25,27,2015,22,ATLSAS,27,0,0,342,18,75,12,44,6,31,6,7,7,31,38,31,8,7,25,19,48,0.24,0.273,0.194,0.857,0.307,0.28,G,logicsa01
603,Tai Dillard,0.277,15,14,24,2003,22,SAS,24,0,0,168,16,65,12,42,4,23,5,6,1,14,15,15,7,4,14,22,41,0.246,0.286,0.174,0.833,0.303,0.277,G,dillata01
604,Jamila Wideman,0.269,103,51,28,1997,21,LAS,28,14,0,633,25,106,18,70,7,36,27,34,16,41,57,103,24,1,51,44,84,0.236,0.257,0.194,0.794,0.347,0.269,G,widemja01
605,Nikki Blue,0.269,36,18,24,2006,22,WAS,24,0,0,181,14,54,13,42,1,12,25,31,7,13,20,36,18,0,18,36,54,0.259,0.31,0.083,0.806,0.399,0.269,G,blueni01
606,Hind Ben Abdelkader,0.256,11,13,14,2018,22,IND,14,0,0,142,8,43,2,14,6,29,7,8,1,13,14,11,4,1,13,10,29,0.186,0.143,0.207,0.875,0.312,0.256,G,benahi01
607,Kate Starbird,0.236,14,17,24,1999,23,SAC,24,1,0,215,12,55,10,40,2,15,22,27,9,14,23,14,13,4,17,23,48,0.218,0.25,0.133,0.815,0.359,0.236,F-G,starbka01
608,Jessica Bibby,0.222,11,12,17,2000,20,NYL,17,0,0,69,3,18,1,12,2,6,11,13,3,2,5,11,3,0,12,9,19,0.167,0.083,0.333,0.846,0.401,0.222,G,bibbyje01
609,Shona Thorburn,0.204,19,14,22,2006,23,MIN,22,0,0,143,5,27,4,19,1,8,5,8,4,14,18,19,4,2,14,11,16,0.185,0.211,0.125,0.625,0.262,0.204,G,thorbsh01
610,Cara Consuegra,0,10,11,15,2001,22,UTA,15,0,0,50,0,5,0,3,0,2,2,4,1,5,6,10,4,0,11,4,2,0,0,0,0.5,0.148,0,G,consuca01